video_id,alternative_no,transcript,confidence,start_time,end_time,text,transcript_part
dUogHxlVGOM,0,"Hey, good morning. This is dr. John Bergman. Peer Health minute. Okay, let's go to the CDC site as Wonder dot CD c-- dot gov / fears. He get on the site you go to request form.",0.8947386145591736,1.1,1.4,"Hey,",1
dUogHxlVGOM,0,"Hey, good morning. This is dr. John Bergman. Peer Health minute. Okay, let's go to the CDC site as Wonder dot CD c-- dot gov / fears. He get on the site you go to request form.",0.8947386145591736,1.4,1.5,good,1
dUogHxlVGOM,0,"Hey, good morning. This is dr. John Bergman. Peer Health minute. Okay, let's go to the CDC site as Wonder dot CD c-- dot gov / fears. He get on the site you go to request form.",0.8947386145591736,1.5,1.9,morning.,1
dUogHxlVGOM,0,"Hey, good morning. This is dr. John Bergman. Peer Health minute. Okay, let's go to the CDC site as Wonder dot CD c-- dot gov / fears. He get on the site you go to request form.",0.8947386145591736,1.9,2.0,This,1
dUogHxlVGOM,0,"Hey, good morning. This is dr. John Bergman. Peer Health minute. Okay, let's go to the CDC site as Wonder dot CD c-- dot gov / fears. He get on the site you go to request form.",0.8947386145591736,2.0,2.1,is,1
dUogHxlVGOM,0,"Hey, good morning. This is dr. John Bergman. Peer Health minute. Okay, let's go to the CDC site as Wonder dot CD c-- dot gov / fears. He get on the site you go to request form.",0.8947386145591736,2.1,2.4,dr.,1
dUogHxlVGOM,0,"Hey, good morning. This is dr. John Bergman. Peer Health minute. Okay, let's go to the CDC site as Wonder dot CD c-- dot gov / fears. He get on the site you go to request form.",0.8947386145591736,2.4,2.7,John,1
dUogHxlVGOM,0,"Hey, good morning. This is dr. John Bergman. Peer Health minute. Okay, let's go to the CDC site as Wonder dot CD c-- dot gov / fears. He get on the site you go to request form.",0.8947386145591736,2.7,3.2,Bergman.,1
dUogHxlVGOM,0,"Hey, good morning. This is dr. John Bergman. Peer Health minute. Okay, let's go to the CDC site as Wonder dot CD c-- dot gov / fears. He get on the site you go to request form.",0.8947386145591736,3.2,3.4,Peer,1
dUogHxlVGOM,0,"Hey, good morning. This is dr. John Bergman. Peer Health minute. Okay, let's go to the CDC site as Wonder dot CD c-- dot gov / fears. He get on the site you go to request form.",0.8947386145591736,3.4,3.7,Health,1
dUogHxlVGOM,0,"Hey, good morning. This is dr. John Bergman. Peer Health minute. Okay, let's go to the CDC site as Wonder dot CD c-- dot gov / fears. He get on the site you go to request form.",0.8947386145591736,3.7,4.2,minute.,1
dUogHxlVGOM,0,"Hey, good morning. This is dr. John Bergman. Peer Health minute. Okay, let's go to the CDC site as Wonder dot CD c-- dot gov / fears. He get on the site you go to request form.",0.8947386145591736,4.6,4.8,"Okay,",1
dUogHxlVGOM,0,"Hey, good morning. This is dr. John Bergman. Peer Health minute. Okay, let's go to the CDC site as Wonder dot CD c-- dot gov / fears. He get on the site you go to request form.",0.8947386145591736,4.8,5.1,let's,1
dUogHxlVGOM,0,"Hey, good morning. This is dr. John Bergman. Peer Health minute. Okay, let's go to the CDC site as Wonder dot CD c-- dot gov / fears. He get on the site you go to request form.",0.8947386145591736,5.1,5.4,go,1
dUogHxlVGOM,0,"Hey, good morning. This is dr. John Bergman. Peer Health minute. Okay, let's go to the CDC site as Wonder dot CD c-- dot gov / fears. He get on the site you go to request form.",0.8947386145591736,5.4,5.5,to,1
dUogHxlVGOM,0,"Hey, good morning. This is dr. John Bergman. Peer Health minute. Okay, let's go to the CDC site as Wonder dot CD c-- dot gov / fears. He get on the site you go to request form.",0.8947386145591736,5.5,5.6,the,1
dUogHxlVGOM,0,"Hey, good morning. This is dr. John Bergman. Peer Health minute. Okay, let's go to the CDC site as Wonder dot CD c-- dot gov / fears. He get on the site you go to request form.",0.8947386145591736,5.6,6.3,CDC,1
dUogHxlVGOM,0,"Hey, good morning. This is dr. John Bergman. Peer Health minute. Okay, let's go to the CDC site as Wonder dot CD c-- dot gov / fears. He get on the site you go to request form.",0.8947386145591736,6.3,6.8,site,1
dUogHxlVGOM,0,"Hey, good morning. This is dr. John Bergman. Peer Health minute. Okay, let's go to the CDC site as Wonder dot CD c-- dot gov / fears. He get on the site you go to request form.",0.8947386145591736,6.8,7.0,as,1
dUogHxlVGOM,0,"Hey, good morning. This is dr. John Bergman. Peer Health minute. Okay, let's go to the CDC site as Wonder dot CD c-- dot gov / fears. He get on the site you go to request form.",0.8947386145591736,7.0,7.3,Wonder,1
dUogHxlVGOM,0,"Hey, good morning. This is dr. John Bergman. Peer Health minute. Okay, let's go to the CDC site as Wonder dot CD c-- dot gov / fears. He get on the site you go to request form.",0.8947386145591736,7.3,7.6,dot,1
dUogHxlVGOM,0,"Hey, good morning. This is dr. John Bergman. Peer Health minute. Okay, let's go to the CDC site as Wonder dot CD c-- dot gov / fears. He get on the site you go to request form.",0.8947386145591736,7.6,8.3,CD,1
dUogHxlVGOM,0,"Hey, good morning. This is dr. John Bergman. Peer Health minute. Okay, let's go to the CDC site as Wonder dot CD c-- dot gov / fears. He get on the site you go to request form.",0.8947386145591736,9.7,10.1,c--,1
dUogHxlVGOM,0,"Hey, good morning. This is dr. John Bergman. Peer Health minute. Okay, let's go to the CDC site as Wonder dot CD c-- dot gov / fears. He get on the site you go to request form.",0.8947386145591736,10.1,10.5,dot,1
dUogHxlVGOM,0,"Hey, good morning. This is dr. John Bergman. Peer Health minute. Okay, let's go to the CDC site as Wonder dot CD c-- dot gov / fears. He get on the site you go to request form.",0.8947386145591736,10.5,11.2,gov,1
dUogHxlVGOM,0,"Hey, good morning. This is dr. John Bergman. Peer Health minute. Okay, let's go to the CDC site as Wonder dot CD c-- dot gov / fears. He get on the site you go to request form.",0.8947386145591736,11.7,12.1,/,1
dUogHxlVGOM,0,"Hey, good morning. This is dr. John Bergman. Peer Health minute. Okay, let's go to the CDC site as Wonder dot CD c-- dot gov / fears. He get on the site you go to request form.",0.8947386145591736,12.1,12.5,fears.,1
dUogHxlVGOM,0,"Hey, good morning. This is dr. John Bergman. Peer Health minute. Okay, let's go to the CDC site as Wonder dot CD c-- dot gov / fears. He get on the site you go to request form.",0.8947386145591736,12.6,12.9,He,1
dUogHxlVGOM,0,"Hey, good morning. This is dr. John Bergman. Peer Health minute. Okay, let's go to the CDC site as Wonder dot CD c-- dot gov / fears. He get on the site you go to request form.",0.8947386145591736,12.9,13.1,get,1
dUogHxlVGOM,0,"Hey, good morning. This is dr. John Bergman. Peer Health minute. Okay, let's go to the CDC site as Wonder dot CD c-- dot gov / fears. He get on the site you go to request form.",0.8947386145591736,13.1,13.2,on,1
dUogHxlVGOM,0,"Hey, good morning. This is dr. John Bergman. Peer Health minute. Okay, let's go to the CDC site as Wonder dot CD c-- dot gov / fears. He get on the site you go to request form.",0.8947386145591736,13.2,13.3,the,1
dUogHxlVGOM,0,"Hey, good morning. This is dr. John Bergman. Peer Health minute. Okay, let's go to the CDC site as Wonder dot CD c-- dot gov / fears. He get on the site you go to request form.",0.8947386145591736,13.3,14.0,site,1
dUogHxlVGOM,0,"Hey, good morning. This is dr. John Bergman. Peer Health minute. Okay, let's go to the CDC site as Wonder dot CD c-- dot gov / fears. He get on the site you go to request form.",0.8947386145591736,14.5,14.7,you,1
dUogHxlVGOM,0,"Hey, good morning. This is dr. John Bergman. Peer Health minute. Okay, let's go to the CDC site as Wonder dot CD c-- dot gov / fears. He get on the site you go to request form.",0.8947386145591736,14.7,14.8,go,1
dUogHxlVGOM,0,"Hey, good morning. This is dr. John Bergman. Peer Health minute. Okay, let's go to the CDC site as Wonder dot CD c-- dot gov / fears. He get on the site you go to request form.",0.8947386145591736,14.8,14.9,to,1
dUogHxlVGOM,0,"Hey, good morning. This is dr. John Bergman. Peer Health minute. Okay, let's go to the CDC site as Wonder dot CD c-- dot gov / fears. He get on the site you go to request form.",0.8947386145591736,14.9,15.4,request,1
dUogHxlVGOM,0,"Hey, good morning. This is dr. John Bergman. Peer Health minute. Okay, let's go to the CDC site as Wonder dot CD c-- dot gov / fears. He get on the site you go to request form.",0.8947386145591736,15.4,15.9,form.,1
dUogHxlVGOM,0, It is not easy to film and do this at the same time.,0.8772964477539062,17.8,17.9,It,2
dUogHxlVGOM,0, It is not easy to film and do this at the same time.,0.8772964477539062,17.9,18.1,is,2
dUogHxlVGOM,0, It is not easy to film and do this at the same time.,0.8772964477539062,18.1,18.4,not,2
dUogHxlVGOM,0, It is not easy to film and do this at the same time.,0.8772964477539062,18.4,18.6,easy,2
dUogHxlVGOM,0, It is not easy to film and do this at the same time.,0.8772964477539062,18.6,18.8,to,2
dUogHxlVGOM,0, It is not easy to film and do this at the same time.,0.8772964477539062,18.8,19.3,film,2
dUogHxlVGOM,0, It is not easy to film and do this at the same time.,0.8772964477539062,19.3,19.5,and,2
dUogHxlVGOM,0, It is not easy to film and do this at the same time.,0.8772964477539062,19.5,19.6,do,2
dUogHxlVGOM,0, It is not easy to film and do this at the same time.,0.8772964477539062,19.6,19.8,this,2
dUogHxlVGOM,0, It is not easy to film and do this at the same time.,0.8772964477539062,19.8,19.9,at,2
dUogHxlVGOM,0, It is not easy to film and do this at the same time.,0.8772964477539062,19.9,20.0,the,2
dUogHxlVGOM,0, It is not easy to film and do this at the same time.,0.8772964477539062,20.0,20.3,same,2
dUogHxlVGOM,0, It is not easy to film and do this at the same time.,0.8772964477539062,20.3,20.8,time.,2
dUogHxlVGOM,0, Then you go in symptoms.,0.9103530645370485,22.0,22.2,Then,3
dUogHxlVGOM,0, Then you go in symptoms.,0.9103530645370485,22.2,22.2,you,3
dUogHxlVGOM,0, Then you go in symptoms.,0.9103530645370485,22.2,22.5,go,3
dUogHxlVGOM,0, Then you go in symptoms.,0.9103530645370485,22.5,22.8,in,3
dUogHxlVGOM,0, Then you go in symptoms.,0.9103530645370485,22.8,23.6,symptoms.,3
dUogHxlVGOM,0, Let's put a vent category.,0.8243128657341003,28.5,28.8,Let's,4
dUogHxlVGOM,0, Let's put a vent category.,0.8243128657341003,28.8,29.5,put,4
dUogHxlVGOM,0, Let's put a vent category.,0.8243128657341003,30.4,30.4,a,4
dUogHxlVGOM,0, Let's put a vent category.,0.8243128657341003,30.4,30.7,vent,4
dUogHxlVGOM,0, Let's put a vent category.,0.8243128657341003,30.7,31.6,category.,4
dUogHxlVGOM,0, Let's look at the vaccine type. Let's look at the sex the age of the victim and,0.7872150540351868,34.6,34.9,Let's,5
dUogHxlVGOM,0, Let's look at the vaccine type. Let's look at the sex the age of the victim and,0.7872150540351868,34.9,35.1,look,5
dUogHxlVGOM,0, Let's look at the vaccine type. Let's look at the sex the age of the victim and,0.7872150540351868,35.1,35.2,at,5
dUogHxlVGOM,0, Let's look at the vaccine type. Let's look at the sex the age of the victim and,0.7872150540351868,35.2,35.2,the,5
dUogHxlVGOM,0, Let's look at the vaccine type. Let's look at the sex the age of the victim and,0.7872150540351868,35.2,36.0,vaccine,5
dUogHxlVGOM,0, Let's look at the vaccine type. Let's look at the sex the age of the victim and,0.7872150540351868,36.0,37.0,type.,5
dUogHxlVGOM,0, Let's look at the vaccine type. Let's look at the sex the age of the victim and,0.7872150540351868,38.5,38.7,Let's,5
dUogHxlVGOM,0, Let's look at the vaccine type. Let's look at the sex the age of the victim and,0.7872150540351868,38.7,38.9,look,5
dUogHxlVGOM,0, Let's look at the vaccine type. Let's look at the sex the age of the victim and,0.7872150540351868,38.9,39.1,at,5
dUogHxlVGOM,0, Let's look at the vaccine type. Let's look at the sex the age of the victim and,0.7872150540351868,39.1,39.5,the,5
dUogHxlVGOM,0, Let's look at the vaccine type. Let's look at the sex the age of the victim and,0.7872150540351868,40.1,41.2,sex,5
dUogHxlVGOM,0, Let's look at the vaccine type. Let's look at the sex the age of the victim and,0.7872150540351868,41.5,41.9,the,5
dUogHxlVGOM,0, Let's look at the vaccine type. Let's look at the sex the age of the victim and,0.7872150540351868,41.9,42.6,age,5
dUogHxlVGOM,0, Let's look at the vaccine type. Let's look at the sex the age of the victim and,0.7872150540351868,42.6,42.8,of,5
dUogHxlVGOM,0, Let's look at the vaccine type. Let's look at the sex the age of the victim and,0.7872150540351868,42.8,42.9,the,5
dUogHxlVGOM,0, Let's look at the vaccine type. Let's look at the sex the age of the victim and,0.7872150540351868,42.9,43.7,victim,5
dUogHxlVGOM,0, Let's look at the vaccine type. Let's look at the sex the age of the victim and,0.7872150540351868,45.3,46.5,and,5
dUogHxlVGOM,0," sex age vaccine-type. Let's go back seat manufacturer then come down here all locations looks look at the event choose death. Let's make it really simple no days in the hospital. Okay, then let's go down here and press send.",0.8395056128501892,51.8,52.2,sex,6
dUogHxlVGOM,0," sex age vaccine-type. Let's go back seat manufacturer then come down here all locations looks look at the event choose death. Let's make it really simple no days in the hospital. Okay, then let's go down here and press send.",0.8395056128501892,52.2,52.6,age,6
dUogHxlVGOM,0," sex age vaccine-type. Let's go back seat manufacturer then come down here all locations looks look at the event choose death. Let's make it really simple no days in the hospital. Okay, then let's go down here and press send.",0.8395056128501892,52.6,53.6,vaccine-type.,6
dUogHxlVGOM,0," sex age vaccine-type. Let's go back seat manufacturer then come down here all locations looks look at the event choose death. Let's make it really simple no days in the hospital. Okay, then let's go down here and press send.",0.8395056128501892,53.6,53.8,Let's,6
dUogHxlVGOM,0," sex age vaccine-type. Let's go back seat manufacturer then come down here all locations looks look at the event choose death. Let's make it really simple no days in the hospital. Okay, then let's go down here and press send.",0.8395056128501892,53.8,54.0,go,6
dUogHxlVGOM,0," sex age vaccine-type. Let's go back seat manufacturer then come down here all locations looks look at the event choose death. Let's make it really simple no days in the hospital. Okay, then let's go down here and press send.",0.8395056128501892,54.0,54.2,back,6
dUogHxlVGOM,0," sex age vaccine-type. Let's go back seat manufacturer then come down here all locations looks look at the event choose death. Let's make it really simple no days in the hospital. Okay, then let's go down here and press send.",0.8395056128501892,54.2,54.5,seat,6
dUogHxlVGOM,0," sex age vaccine-type. Let's go back seat manufacturer then come down here all locations looks look at the event choose death. Let's make it really simple no days in the hospital. Okay, then let's go down here and press send.",0.8395056128501892,54.5,55.3,manufacturer,6
dUogHxlVGOM,0," sex age vaccine-type. Let's go back seat manufacturer then come down here all locations looks look at the event choose death. Let's make it really simple no days in the hospital. Okay, then let's go down here and press send.",0.8395056128501892,56.0,56.2,then,6
dUogHxlVGOM,0," sex age vaccine-type. Let's go back seat manufacturer then come down here all locations looks look at the event choose death. Let's make it really simple no days in the hospital. Okay, then let's go down here and press send.",0.8395056128501892,56.2,56.5,come,6
dUogHxlVGOM,0," sex age vaccine-type. Let's go back seat manufacturer then come down here all locations looks look at the event choose death. Let's make it really simple no days in the hospital. Okay, then let's go down here and press send.",0.8395056128501892,56.5,56.8,down,6
dUogHxlVGOM,0," sex age vaccine-type. Let's go back seat manufacturer then come down here all locations looks look at the event choose death. Let's make it really simple no days in the hospital. Okay, then let's go down here and press send.",0.8395056128501892,56.8,57.2,here,6
dUogHxlVGOM,0," sex age vaccine-type. Let's go back seat manufacturer then come down here all locations looks look at the event choose death. Let's make it really simple no days in the hospital. Okay, then let's go down here and press send.",0.8395056128501892,59.3,59.5,all,6
dUogHxlVGOM,0," sex age vaccine-type. Let's go back seat manufacturer then come down here all locations looks look at the event choose death. Let's make it really simple no days in the hospital. Okay, then let's go down here and press send.",0.8395056128501892,59.5,60.3,locations,6
dUogHxlVGOM,0," sex age vaccine-type. Let's go back seat manufacturer then come down here all locations looks look at the event choose death. Let's make it really simple no days in the hospital. Okay, then let's go down here and press send.",0.8395056128501892,60.3,60.6,looks,6
dUogHxlVGOM,0," sex age vaccine-type. Let's go back seat manufacturer then come down here all locations looks look at the event choose death. Let's make it really simple no days in the hospital. Okay, then let's go down here and press send.",0.8395056128501892,60.6,60.8,look,6
dUogHxlVGOM,0," sex age vaccine-type. Let's go back seat manufacturer then come down here all locations looks look at the event choose death. Let's make it really simple no days in the hospital. Okay, then let's go down here and press send.",0.8395056128501892,60.8,60.9,at,6
dUogHxlVGOM,0," sex age vaccine-type. Let's go back seat manufacturer then come down here all locations looks look at the event choose death. Let's make it really simple no days in the hospital. Okay, then let's go down here and press send.",0.8395056128501892,60.9,61.0,the,6
dUogHxlVGOM,0," sex age vaccine-type. Let's go back seat manufacturer then come down here all locations looks look at the event choose death. Let's make it really simple no days in the hospital. Okay, then let's go down here and press send.",0.8395056128501892,61.0,61.8,event,6
dUogHxlVGOM,0," sex age vaccine-type. Let's go back seat manufacturer then come down here all locations looks look at the event choose death. Let's make it really simple no days in the hospital. Okay, then let's go down here and press send.",0.8395056128501892,61.8,62.2,choose,6
dUogHxlVGOM,0," sex age vaccine-type. Let's go back seat manufacturer then come down here all locations looks look at the event choose death. Let's make it really simple no days in the hospital. Okay, then let's go down here and press send.",0.8395056128501892,62.2,63.0,death.,6
dUogHxlVGOM,0," sex age vaccine-type. Let's go back seat manufacturer then come down here all locations looks look at the event choose death. Let's make it really simple no days in the hospital. Okay, then let's go down here and press send.",0.8395056128501892,63.6,63.8,Let's,6
dUogHxlVGOM,0," sex age vaccine-type. Let's go back seat manufacturer then come down here all locations looks look at the event choose death. Let's make it really simple no days in the hospital. Okay, then let's go down here and press send.",0.8395056128501892,63.8,64.0,make,6
dUogHxlVGOM,0," sex age vaccine-type. Let's go back seat manufacturer then come down here all locations looks look at the event choose death. Let's make it really simple no days in the hospital. Okay, then let's go down here and press send.",0.8395056128501892,64.0,64.1,it,6
dUogHxlVGOM,0," sex age vaccine-type. Let's go back seat manufacturer then come down here all locations looks look at the event choose death. Let's make it really simple no days in the hospital. Okay, then let's go down here and press send.",0.8395056128501892,64.1,64.4,really,6
dUogHxlVGOM,0," sex age vaccine-type. Let's go back seat manufacturer then come down here all locations looks look at the event choose death. Let's make it really simple no days in the hospital. Okay, then let's go down here and press send.",0.8395056128501892,64.4,65.2,simple,6
dUogHxlVGOM,0," sex age vaccine-type. Let's go back seat manufacturer then come down here all locations looks look at the event choose death. Let's make it really simple no days in the hospital. Okay, then let's go down here and press send.",0.8395056128501892,65.2,65.4,no,6
dUogHxlVGOM,0," sex age vaccine-type. Let's go back seat manufacturer then come down here all locations looks look at the event choose death. Let's make it really simple no days in the hospital. Okay, then let's go down here and press send.",0.8395056128501892,65.4,65.8,days,6
dUogHxlVGOM,0," sex age vaccine-type. Let's go back seat manufacturer then come down here all locations looks look at the event choose death. Let's make it really simple no days in the hospital. Okay, then let's go down here and press send.",0.8395056128501892,65.8,65.9,in,6
dUogHxlVGOM,0," sex age vaccine-type. Let's go back seat manufacturer then come down here all locations looks look at the event choose death. Let's make it really simple no days in the hospital. Okay, then let's go down here and press send.",0.8395056128501892,65.9,66.0,the,6
dUogHxlVGOM,0," sex age vaccine-type. Let's go back seat manufacturer then come down here all locations looks look at the event choose death. Let's make it really simple no days in the hospital. Okay, then let's go down here and press send.",0.8395056128501892,66.0,66.8,hospital.,6
dUogHxlVGOM,0," sex age vaccine-type. Let's go back seat manufacturer then come down here all locations looks look at the event choose death. Let's make it really simple no days in the hospital. Okay, then let's go down here and press send.",0.8395056128501892,67.5,67.9,"Okay,",6
dUogHxlVGOM,0," sex age vaccine-type. Let's go back seat manufacturer then come down here all locations looks look at the event choose death. Let's make it really simple no days in the hospital. Okay, then let's go down here and press send.",0.8395056128501892,67.9,68.1,then,6
dUogHxlVGOM,0," sex age vaccine-type. Let's go back seat manufacturer then come down here all locations looks look at the event choose death. Let's make it really simple no days in the hospital. Okay, then let's go down here and press send.",0.8395056128501892,68.1,68.3,let's,6
dUogHxlVGOM,0," sex age vaccine-type. Let's go back seat manufacturer then come down here all locations looks look at the event choose death. Let's make it really simple no days in the hospital. Okay, then let's go down here and press send.",0.8395056128501892,68.3,68.5,go,6
dUogHxlVGOM,0," sex age vaccine-type. Let's go back seat manufacturer then come down here all locations looks look at the event choose death. Let's make it really simple no days in the hospital. Okay, then let's go down here and press send.",0.8395056128501892,68.5,68.8,down,6
dUogHxlVGOM,0," sex age vaccine-type. Let's go back seat manufacturer then come down here all locations looks look at the event choose death. Let's make it really simple no days in the hospital. Okay, then let's go down here and press send.",0.8395056128501892,68.8,69.2,here,6
dUogHxlVGOM,0," sex age vaccine-type. Let's go back seat manufacturer then come down here all locations looks look at the event choose death. Let's make it really simple no days in the hospital. Okay, then let's go down here and press send.",0.8395056128501892,69.2,69.4,and,6
dUogHxlVGOM,0," sex age vaccine-type. Let's go back seat manufacturer then come down here all locations looks look at the event choose death. Let's make it really simple no days in the hospital. Okay, then let's go down here and press send.",0.8395056128501892,69.4,69.8,press,6
dUogHxlVGOM,0," sex age vaccine-type. Let's go back seat manufacturer then come down here all locations looks look at the event choose death. Let's make it really simple no days in the hospital. Okay, then let's go down here and press send.",0.8395056128501892,69.8,70.4,send.,6
dUogHxlVGOM,0," It's processing the request. Hopefully I got it, right. Okay, 4430 now you can go down here and look at the age. Look at the vaccine. Look at the incident of death or four thousand people in this category and you can go down and scroll and see which manufacturer and this is for a product that's unavoidably unsafe.",0.8208234906196594,73.0,73.2,It's,7
dUogHxlVGOM,0," It's processing the request. Hopefully I got it, right. Okay, 4430 now you can go down here and look at the age. Look at the vaccine. Look at the incident of death or four thousand people in this category and you can go down and scroll and see which manufacturer and this is for a product that's unavoidably unsafe.",0.8208234906196594,73.2,73.9,processing,7
dUogHxlVGOM,0," It's processing the request. Hopefully I got it, right. Okay, 4430 now you can go down here and look at the age. Look at the vaccine. Look at the incident of death or four thousand people in this category and you can go down and scroll and see which manufacturer and this is for a product that's unavoidably unsafe.",0.8208234906196594,73.9,74.0,the,7
dUogHxlVGOM,0," It's processing the request. Hopefully I got it, right. Okay, 4430 now you can go down here and look at the age. Look at the vaccine. Look at the incident of death or four thousand people in this category and you can go down and scroll and see which manufacturer and this is for a product that's unavoidably unsafe.",0.8208234906196594,74.0,74.9,request.,7
dUogHxlVGOM,0," It's processing the request. Hopefully I got it, right. Okay, 4430 now you can go down here and look at the age. Look at the vaccine. Look at the incident of death or four thousand people in this category and you can go down and scroll and see which manufacturer and this is for a product that's unavoidably unsafe.",0.8208234906196594,75.3,75.7,Hopefully,7
dUogHxlVGOM,0," It's processing the request. Hopefully I got it, right. Okay, 4430 now you can go down here and look at the age. Look at the vaccine. Look at the incident of death or four thousand people in this category and you can go down and scroll and see which manufacturer and this is for a product that's unavoidably unsafe.",0.8208234906196594,75.7,75.7,I,7
dUogHxlVGOM,0," It's processing the request. Hopefully I got it, right. Okay, 4430 now you can go down here and look at the age. Look at the vaccine. Look at the incident of death or four thousand people in this category and you can go down and scroll and see which manufacturer and this is for a product that's unavoidably unsafe.",0.8208234906196594,75.7,75.9,got,7
dUogHxlVGOM,0," It's processing the request. Hopefully I got it, right. Okay, 4430 now you can go down here and look at the age. Look at the vaccine. Look at the incident of death or four thousand people in this category and you can go down and scroll and see which manufacturer and this is for a product that's unavoidably unsafe.",0.8208234906196594,75.9,76.1,"it,",7
dUogHxlVGOM,0," It's processing the request. Hopefully I got it, right. Okay, 4430 now you can go down here and look at the age. Look at the vaccine. Look at the incident of death or four thousand people in this category and you can go down and scroll and see which manufacturer and this is for a product that's unavoidably unsafe.",0.8208234906196594,76.1,76.6,right.,7
dUogHxlVGOM,0," It's processing the request. Hopefully I got it, right. Okay, 4430 now you can go down here and look at the age. Look at the vaccine. Look at the incident of death or four thousand people in this category and you can go down and scroll and see which manufacturer and this is for a product that's unavoidably unsafe.",0.8208234906196594,77.0,77.2,"Okay,",7
dUogHxlVGOM,0," It's processing the request. Hopefully I got it, right. Okay, 4430 now you can go down here and look at the age. Look at the vaccine. Look at the incident of death or four thousand people in this category and you can go down and scroll and see which manufacturer and this is for a product that's unavoidably unsafe.",0.8208234906196594,77.2,79.1,4430,7
dUogHxlVGOM,0," It's processing the request. Hopefully I got it, right. Okay, 4430 now you can go down here and look at the age. Look at the vaccine. Look at the incident of death or four thousand people in this category and you can go down and scroll and see which manufacturer and this is for a product that's unavoidably unsafe.",0.8208234906196594,81.6,81.8,now,7
dUogHxlVGOM,0," It's processing the request. Hopefully I got it, right. Okay, 4430 now you can go down here and look at the age. Look at the vaccine. Look at the incident of death or four thousand people in this category and you can go down and scroll and see which manufacturer and this is for a product that's unavoidably unsafe.",0.8208234906196594,81.8,81.8,you,7
dUogHxlVGOM,0," It's processing the request. Hopefully I got it, right. Okay, 4430 now you can go down here and look at the age. Look at the vaccine. Look at the incident of death or four thousand people in this category and you can go down and scroll and see which manufacturer and this is for a product that's unavoidably unsafe.",0.8208234906196594,81.8,82.0,can,7
dUogHxlVGOM,0," It's processing the request. Hopefully I got it, right. Okay, 4430 now you can go down here and look at the age. Look at the vaccine. Look at the incident of death or four thousand people in this category and you can go down and scroll and see which manufacturer and this is for a product that's unavoidably unsafe.",0.8208234906196594,82.0,82.1,go,7
dUogHxlVGOM,0," It's processing the request. Hopefully I got it, right. Okay, 4430 now you can go down here and look at the age. Look at the vaccine. Look at the incident of death or four thousand people in this category and you can go down and scroll and see which manufacturer and this is for a product that's unavoidably unsafe.",0.8208234906196594,82.1,82.5,down,7
dUogHxlVGOM,0," It's processing the request. Hopefully I got it, right. Okay, 4430 now you can go down here and look at the age. Look at the vaccine. Look at the incident of death or four thousand people in this category and you can go down and scroll and see which manufacturer and this is for a product that's unavoidably unsafe.",0.8208234906196594,82.5,83.0,here,7
dUogHxlVGOM,0," It's processing the request. Hopefully I got it, right. Okay, 4430 now you can go down here and look at the age. Look at the vaccine. Look at the incident of death or four thousand people in this category and you can go down and scroll and see which manufacturer and this is for a product that's unavoidably unsafe.",0.8208234906196594,83.0,83.2,and,7
dUogHxlVGOM,0," It's processing the request. Hopefully I got it, right. Okay, 4430 now you can go down here and look at the age. Look at the vaccine. Look at the incident of death or four thousand people in this category and you can go down and scroll and see which manufacturer and this is for a product that's unavoidably unsafe.",0.8208234906196594,83.2,83.3,look,7
dUogHxlVGOM,0," It's processing the request. Hopefully I got it, right. Okay, 4430 now you can go down here and look at the age. Look at the vaccine. Look at the incident of death or four thousand people in this category and you can go down and scroll and see which manufacturer and this is for a product that's unavoidably unsafe.",0.8208234906196594,83.3,83.4,at,7
dUogHxlVGOM,0," It's processing the request. Hopefully I got it, right. Okay, 4430 now you can go down here and look at the age. Look at the vaccine. Look at the incident of death or four thousand people in this category and you can go down and scroll and see which manufacturer and this is for a product that's unavoidably unsafe.",0.8208234906196594,83.4,83.6,the,7
dUogHxlVGOM,0," It's processing the request. Hopefully I got it, right. Okay, 4430 now you can go down here and look at the age. Look at the vaccine. Look at the incident of death or four thousand people in this category and you can go down and scroll and see which manufacturer and this is for a product that's unavoidably unsafe.",0.8208234906196594,83.6,84.2,age.,7
dUogHxlVGOM,0," It's processing the request. Hopefully I got it, right. Okay, 4430 now you can go down here and look at the age. Look at the vaccine. Look at the incident of death or four thousand people in this category and you can go down and scroll and see which manufacturer and this is for a product that's unavoidably unsafe.",0.8208234906196594,85.0,85.2,Look,7
dUogHxlVGOM,0," It's processing the request. Hopefully I got it, right. Okay, 4430 now you can go down here and look at the age. Look at the vaccine. Look at the incident of death or four thousand people in this category and you can go down and scroll and see which manufacturer and this is for a product that's unavoidably unsafe.",0.8208234906196594,85.2,85.2,at,7
dUogHxlVGOM,0," It's processing the request. Hopefully I got it, right. Okay, 4430 now you can go down here and look at the age. Look at the vaccine. Look at the incident of death or four thousand people in this category and you can go down and scroll and see which manufacturer and this is for a product that's unavoidably unsafe.",0.8208234906196594,85.2,85.4,the,7
dUogHxlVGOM,0," It's processing the request. Hopefully I got it, right. Okay, 4430 now you can go down here and look at the age. Look at the vaccine. Look at the incident of death or four thousand people in this category and you can go down and scroll and see which manufacturer and this is for a product that's unavoidably unsafe.",0.8208234906196594,85.4,86.3,vaccine.,7
dUogHxlVGOM,0," It's processing the request. Hopefully I got it, right. Okay, 4430 now you can go down here and look at the age. Look at the vaccine. Look at the incident of death or four thousand people in this category and you can go down and scroll and see which manufacturer and this is for a product that's unavoidably unsafe.",0.8208234906196594,86.4,86.5,Look,7
dUogHxlVGOM,0," It's processing the request. Hopefully I got it, right. Okay, 4430 now you can go down here and look at the age. Look at the vaccine. Look at the incident of death or four thousand people in this category and you can go down and scroll and see which manufacturer and this is for a product that's unavoidably unsafe.",0.8208234906196594,86.5,86.6,at,7
dUogHxlVGOM,0," It's processing the request. Hopefully I got it, right. Okay, 4430 now you can go down here and look at the age. Look at the vaccine. Look at the incident of death or four thousand people in this category and you can go down and scroll and see which manufacturer and this is for a product that's unavoidably unsafe.",0.8208234906196594,86.6,86.8,the,7
dUogHxlVGOM,0," It's processing the request. Hopefully I got it, right. Okay, 4430 now you can go down here and look at the age. Look at the vaccine. Look at the incident of death or four thousand people in this category and you can go down and scroll and see which manufacturer and this is for a product that's unavoidably unsafe.",0.8208234906196594,86.8,87.4,incident,7
dUogHxlVGOM,0," It's processing the request. Hopefully I got it, right. Okay, 4430 now you can go down here and look at the age. Look at the vaccine. Look at the incident of death or four thousand people in this category and you can go down and scroll and see which manufacturer and this is for a product that's unavoidably unsafe.",0.8208234906196594,87.4,87.5,of,7
dUogHxlVGOM,0," It's processing the request. Hopefully I got it, right. Okay, 4430 now you can go down here and look at the age. Look at the vaccine. Look at the incident of death or four thousand people in this category and you can go down and scroll and see which manufacturer and this is for a product that's unavoidably unsafe.",0.8208234906196594,87.5,87.9,death,7
dUogHxlVGOM,0," It's processing the request. Hopefully I got it, right. Okay, 4430 now you can go down here and look at the age. Look at the vaccine. Look at the incident of death or four thousand people in this category and you can go down and scroll and see which manufacturer and this is for a product that's unavoidably unsafe.",0.8208234906196594,87.9,88.0,or,7
dUogHxlVGOM,0," It's processing the request. Hopefully I got it, right. Okay, 4430 now you can go down here and look at the age. Look at the vaccine. Look at the incident of death or four thousand people in this category and you can go down and scroll and see which manufacturer and this is for a product that's unavoidably unsafe.",0.8208234906196594,88.0,88.3,four,7
dUogHxlVGOM,0," It's processing the request. Hopefully I got it, right. Okay, 4430 now you can go down here and look at the age. Look at the vaccine. Look at the incident of death or four thousand people in this category and you can go down and scroll and see which manufacturer and this is for a product that's unavoidably unsafe.",0.8208234906196594,88.3,89.0,thousand,7
dUogHxlVGOM,0," It's processing the request. Hopefully I got it, right. Okay, 4430 now you can go down here and look at the age. Look at the vaccine. Look at the incident of death or four thousand people in this category and you can go down and scroll and see which manufacturer and this is for a product that's unavoidably unsafe.",0.8208234906196594,89.0,89.5,people,7
dUogHxlVGOM,0," It's processing the request. Hopefully I got it, right. Okay, 4430 now you can go down here and look at the age. Look at the vaccine. Look at the incident of death or four thousand people in this category and you can go down and scroll and see which manufacturer and this is for a product that's unavoidably unsafe.",0.8208234906196594,90.3,90.5,in,7
dUogHxlVGOM,0," It's processing the request. Hopefully I got it, right. Okay, 4430 now you can go down here and look at the age. Look at the vaccine. Look at the incident of death or four thousand people in this category and you can go down and scroll and see which manufacturer and this is for a product that's unavoidably unsafe.",0.8208234906196594,90.5,90.6,this,7
dUogHxlVGOM,0," It's processing the request. Hopefully I got it, right. Okay, 4430 now you can go down here and look at the age. Look at the vaccine. Look at the incident of death or four thousand people in this category and you can go down and scroll and see which manufacturer and this is for a product that's unavoidably unsafe.",0.8208234906196594,90.6,91.4,category,7
dUogHxlVGOM,0," It's processing the request. Hopefully I got it, right. Okay, 4430 now you can go down here and look at the age. Look at the vaccine. Look at the incident of death or four thousand people in this category and you can go down and scroll and see which manufacturer and this is for a product that's unavoidably unsafe.",0.8208234906196594,91.5,91.7,and,7
dUogHxlVGOM,0," It's processing the request. Hopefully I got it, right. Okay, 4430 now you can go down here and look at the age. Look at the vaccine. Look at the incident of death or four thousand people in this category and you can go down and scroll and see which manufacturer and this is for a product that's unavoidably unsafe.",0.8208234906196594,91.7,91.7,you,7
dUogHxlVGOM,0," It's processing the request. Hopefully I got it, right. Okay, 4430 now you can go down here and look at the age. Look at the vaccine. Look at the incident of death or four thousand people in this category and you can go down and scroll and see which manufacturer and this is for a product that's unavoidably unsafe.",0.8208234906196594,91.7,91.9,can,7
dUogHxlVGOM,0," It's processing the request. Hopefully I got it, right. Okay, 4430 now you can go down here and look at the age. Look at the vaccine. Look at the incident of death or four thousand people in this category and you can go down and scroll and see which manufacturer and this is for a product that's unavoidably unsafe.",0.8208234906196594,91.9,92.1,go,7
dUogHxlVGOM,0," It's processing the request. Hopefully I got it, right. Okay, 4430 now you can go down here and look at the age. Look at the vaccine. Look at the incident of death or four thousand people in this category and you can go down and scroll and see which manufacturer and this is for a product that's unavoidably unsafe.",0.8208234906196594,92.1,92.6,down,7
dUogHxlVGOM,0," It's processing the request. Hopefully I got it, right. Okay, 4430 now you can go down here and look at the age. Look at the vaccine. Look at the incident of death or four thousand people in this category and you can go down and scroll and see which manufacturer and this is for a product that's unavoidably unsafe.",0.8208234906196594,92.6,92.8,and,7
dUogHxlVGOM,0," It's processing the request. Hopefully I got it, right. Okay, 4430 now you can go down here and look at the age. Look at the vaccine. Look at the incident of death or four thousand people in this category and you can go down and scroll and see which manufacturer and this is for a product that's unavoidably unsafe.",0.8208234906196594,92.8,93.4,scroll,7
dUogHxlVGOM,0," It's processing the request. Hopefully I got it, right. Okay, 4430 now you can go down here and look at the age. Look at the vaccine. Look at the incident of death or four thousand people in this category and you can go down and scroll and see which manufacturer and this is for a product that's unavoidably unsafe.",0.8208234906196594,94.5,94.7,and,7
dUogHxlVGOM,0," It's processing the request. Hopefully I got it, right. Okay, 4430 now you can go down here and look at the age. Look at the vaccine. Look at the incident of death or four thousand people in this category and you can go down and scroll and see which manufacturer and this is for a product that's unavoidably unsafe.",0.8208234906196594,94.7,95.3,see,7
dUogHxlVGOM,0," It's processing the request. Hopefully I got it, right. Okay, 4430 now you can go down here and look at the age. Look at the vaccine. Look at the incident of death or four thousand people in this category and you can go down and scroll and see which manufacturer and this is for a product that's unavoidably unsafe.",0.8208234906196594,95.5,96.3,which,7
dUogHxlVGOM,0," It's processing the request. Hopefully I got it, right. Okay, 4430 now you can go down here and look at the age. Look at the vaccine. Look at the incident of death or four thousand people in this category and you can go down and scroll and see which manufacturer and this is for a product that's unavoidably unsafe.",0.8208234906196594,96.3,97.7,manufacturer,7
dUogHxlVGOM,0," It's processing the request. Hopefully I got it, right. Okay, 4430 now you can go down here and look at the age. Look at the vaccine. Look at the incident of death or four thousand people in this category and you can go down and scroll and see which manufacturer and this is for a product that's unavoidably unsafe.",0.8208234906196594,98.3,98.5,and,7
dUogHxlVGOM,0," It's processing the request. Hopefully I got it, right. Okay, 4430 now you can go down here and look at the age. Look at the vaccine. Look at the incident of death or four thousand people in this category and you can go down and scroll and see which manufacturer and this is for a product that's unavoidably unsafe.",0.8208234906196594,98.5,98.8,this,7
dUogHxlVGOM,0," It's processing the request. Hopefully I got it, right. Okay, 4430 now you can go down here and look at the age. Look at the vaccine. Look at the incident of death or four thousand people in this category and you can go down and scroll and see which manufacturer and this is for a product that's unavoidably unsafe.",0.8208234906196594,98.8,98.9,is,7
dUogHxlVGOM,0," It's processing the request. Hopefully I got it, right. Okay, 4430 now you can go down here and look at the age. Look at the vaccine. Look at the incident of death or four thousand people in this category and you can go down and scroll and see which manufacturer and this is for a product that's unavoidably unsafe.",0.8208234906196594,98.9,99.5,for,7
dUogHxlVGOM,0," It's processing the request. Hopefully I got it, right. Okay, 4430 now you can go down here and look at the age. Look at the vaccine. Look at the incident of death or four thousand people in this category and you can go down and scroll and see which manufacturer and this is for a product that's unavoidably unsafe.",0.8208234906196594,100.3,100.4,a,7
dUogHxlVGOM,0," It's processing the request. Hopefully I got it, right. Okay, 4430 now you can go down here and look at the age. Look at the vaccine. Look at the incident of death or four thousand people in this category and you can go down and scroll and see which manufacturer and this is for a product that's unavoidably unsafe.",0.8208234906196594,100.4,101.3,product,7
dUogHxlVGOM,0," It's processing the request. Hopefully I got it, right. Okay, 4430 now you can go down here and look at the age. Look at the vaccine. Look at the incident of death or four thousand people in this category and you can go down and scroll and see which manufacturer and this is for a product that's unavoidably unsafe.",0.8208234906196594,101.3,101.9,that's,7
dUogHxlVGOM,0," It's processing the request. Hopefully I got it, right. Okay, 4430 now you can go down here and look at the age. Look at the vaccine. Look at the incident of death or four thousand people in this category and you can go down and scroll and see which manufacturer and this is for a product that's unavoidably unsafe.",0.8208234906196594,102.0,102.9,unavoidably,7
dUogHxlVGOM,0," It's processing the request. Hopefully I got it, right. Okay, 4430 now you can go down here and look at the age. Look at the vaccine. Look at the incident of death or four thousand people in this category and you can go down and scroll and see which manufacturer and this is for a product that's unavoidably unsafe.",0.8208234906196594,102.9,103.9,unsafe.,7
dUogHxlVGOM,0, and,0.8233019709587097,105.6,106.5,and,8
dUogHxlVGOM,0," This is crazy. So when you look at this, okay, this is how you do it. You go to the vaccine adverse event Reporting System. Look at wonders and type in any data that you want. This is how to do or how to find the deaths. You can type in a number of other categories. But remember they don't hold autism is one of the categories so we need to get this information out there. This Doctor John Bergman. God bless you, and I love you.",0.8830504417419434,110.4,110.6,This,9
dUogHxlVGOM,0," This is crazy. So when you look at this, okay, this is how you do it. You go to the vaccine adverse event Reporting System. Look at wonders and type in any data that you want. This is how to do or how to find the deaths. You can type in a number of other categories. But remember they don't hold autism is one of the categories so we need to get this information out there. This Doctor John Bergman. God bless you, and I love you.",0.8830504417419434,110.6,110.7,is,9
dUogHxlVGOM,0," This is crazy. So when you look at this, okay, this is how you do it. You go to the vaccine adverse event Reporting System. Look at wonders and type in any data that you want. This is how to do or how to find the deaths. You can type in a number of other categories. But remember they don't hold autism is one of the categories so we need to get this information out there. This Doctor John Bergman. God bless you, and I love you.",0.8830504417419434,110.7,111.4,crazy.,9
dUogHxlVGOM,0," This is crazy. So when you look at this, okay, this is how you do it. You go to the vaccine adverse event Reporting System. Look at wonders and type in any data that you want. This is how to do or how to find the deaths. You can type in a number of other categories. But remember they don't hold autism is one of the categories so we need to get this information out there. This Doctor John Bergman. God bless you, and I love you.",0.8830504417419434,112.3,112.8,So,9
dUogHxlVGOM,0," This is crazy. So when you look at this, okay, this is how you do it. You go to the vaccine adverse event Reporting System. Look at wonders and type in any data that you want. This is how to do or how to find the deaths. You can type in a number of other categories. But remember they don't hold autism is one of the categories so we need to get this information out there. This Doctor John Bergman. God bless you, and I love you.",0.8830504417419434,112.8,112.9,when,9
dUogHxlVGOM,0," This is crazy. So when you look at this, okay, this is how you do it. You go to the vaccine adverse event Reporting System. Look at wonders and type in any data that you want. This is how to do or how to find the deaths. You can type in a number of other categories. But remember they don't hold autism is one of the categories so we need to get this information out there. This Doctor John Bergman. God bless you, and I love you.",0.8830504417419434,112.9,113.1,you,9
dUogHxlVGOM,0," This is crazy. So when you look at this, okay, this is how you do it. You go to the vaccine adverse event Reporting System. Look at wonders and type in any data that you want. This is how to do or how to find the deaths. You can type in a number of other categories. But remember they don't hold autism is one of the categories so we need to get this information out there. This Doctor John Bergman. God bless you, and I love you.",0.8830504417419434,113.1,113.3,look,9
dUogHxlVGOM,0," This is crazy. So when you look at this, okay, this is how you do it. You go to the vaccine adverse event Reporting System. Look at wonders and type in any data that you want. This is how to do or how to find the deaths. You can type in a number of other categories. But remember they don't hold autism is one of the categories so we need to get this information out there. This Doctor John Bergman. God bless you, and I love you.",0.8830504417419434,113.3,113.5,at,9
dUogHxlVGOM,0," This is crazy. So when you look at this, okay, this is how you do it. You go to the vaccine adverse event Reporting System. Look at wonders and type in any data that you want. This is how to do or how to find the deaths. You can type in a number of other categories. But remember they don't hold autism is one of the categories so we need to get this information out there. This Doctor John Bergman. God bless you, and I love you.",0.8830504417419434,113.5,114.0,"this,",9
dUogHxlVGOM,0," This is crazy. So when you look at this, okay, this is how you do it. You go to the vaccine adverse event Reporting System. Look at wonders and type in any data that you want. This is how to do or how to find the deaths. You can type in a number of other categories. But remember they don't hold autism is one of the categories so we need to get this information out there. This Doctor John Bergman. God bless you, and I love you.",0.8830504417419434,114.1,114.5,"okay,",9
dUogHxlVGOM,0," This is crazy. So when you look at this, okay, this is how you do it. You go to the vaccine adverse event Reporting System. Look at wonders and type in any data that you want. This is how to do or how to find the deaths. You can type in a number of other categories. But remember they don't hold autism is one of the categories so we need to get this information out there. This Doctor John Bergman. God bless you, and I love you.",0.8830504417419434,114.5,114.9,this,9
dUogHxlVGOM,0," This is crazy. So when you look at this, okay, this is how you do it. You go to the vaccine adverse event Reporting System. Look at wonders and type in any data that you want. This is how to do or how to find the deaths. You can type in a number of other categories. But remember they don't hold autism is one of the categories so we need to get this information out there. This Doctor John Bergman. God bless you, and I love you.",0.8830504417419434,114.9,115.4,is,9
dUogHxlVGOM,0," This is crazy. So when you look at this, okay, this is how you do it. You go to the vaccine adverse event Reporting System. Look at wonders and type in any data that you want. This is how to do or how to find the deaths. You can type in a number of other categories. But remember they don't hold autism is one of the categories so we need to get this information out there. This Doctor John Bergman. God bless you, and I love you.",0.8830504417419434,115.4,115.7,how,9
dUogHxlVGOM,0," This is crazy. So when you look at this, okay, this is how you do it. You go to the vaccine adverse event Reporting System. Look at wonders and type in any data that you want. This is how to do or how to find the deaths. You can type in a number of other categories. But remember they don't hold autism is one of the categories so we need to get this information out there. This Doctor John Bergman. God bless you, and I love you.",0.8830504417419434,115.7,115.8,you,9
dUogHxlVGOM,0," This is crazy. So when you look at this, okay, this is how you do it. You go to the vaccine adverse event Reporting System. Look at wonders and type in any data that you want. This is how to do or how to find the deaths. You can type in a number of other categories. But remember they don't hold autism is one of the categories so we need to get this information out there. This Doctor John Bergman. God bless you, and I love you.",0.8830504417419434,115.8,116.0,do,9
dUogHxlVGOM,0," This is crazy. So when you look at this, okay, this is how you do it. You go to the vaccine adverse event Reporting System. Look at wonders and type in any data that you want. This is how to do or how to find the deaths. You can type in a number of other categories. But remember they don't hold autism is one of the categories so we need to get this information out there. This Doctor John Bergman. God bless you, and I love you.",0.8830504417419434,116.0,116.3,it.,9
dUogHxlVGOM,0," This is crazy. So when you look at this, okay, this is how you do it. You go to the vaccine adverse event Reporting System. Look at wonders and type in any data that you want. This is how to do or how to find the deaths. You can type in a number of other categories. But remember they don't hold autism is one of the categories so we need to get this information out there. This Doctor John Bergman. God bless you, and I love you.",0.8830504417419434,116.3,116.4,You,9
dUogHxlVGOM,0," This is crazy. So when you look at this, okay, this is how you do it. You go to the vaccine adverse event Reporting System. Look at wonders and type in any data that you want. This is how to do or how to find the deaths. You can type in a number of other categories. But remember they don't hold autism is one of the categories so we need to get this information out there. This Doctor John Bergman. God bless you, and I love you.",0.8830504417419434,116.4,116.5,go,9
dUogHxlVGOM,0," This is crazy. So when you look at this, okay, this is how you do it. You go to the vaccine adverse event Reporting System. Look at wonders and type in any data that you want. This is how to do or how to find the deaths. You can type in a number of other categories. But remember they don't hold autism is one of the categories so we need to get this information out there. This Doctor John Bergman. God bless you, and I love you.",0.8830504417419434,116.5,116.6,to,9
dUogHxlVGOM,0," This is crazy. So when you look at this, okay, this is how you do it. You go to the vaccine adverse event Reporting System. Look at wonders and type in any data that you want. This is how to do or how to find the deaths. You can type in a number of other categories. But remember they don't hold autism is one of the categories so we need to get this information out there. This Doctor John Bergman. God bless you, and I love you.",0.8830504417419434,116.6,116.7,the,9
dUogHxlVGOM,0," This is crazy. So when you look at this, okay, this is how you do it. You go to the vaccine adverse event Reporting System. Look at wonders and type in any data that you want. This is how to do or how to find the deaths. You can type in a number of other categories. But remember they don't hold autism is one of the categories so we need to get this information out there. This Doctor John Bergman. God bless you, and I love you.",0.8830504417419434,116.7,117.3,vaccine,9
dUogHxlVGOM,0," This is crazy. So when you look at this, okay, this is how you do it. You go to the vaccine adverse event Reporting System. Look at wonders and type in any data that you want. This is how to do or how to find the deaths. You can type in a number of other categories. But remember they don't hold autism is one of the categories so we need to get this information out there. This Doctor John Bergman. God bless you, and I love you.",0.8830504417419434,117.3,117.7,adverse,9
dUogHxlVGOM,0," This is crazy. So when you look at this, okay, this is how you do it. You go to the vaccine adverse event Reporting System. Look at wonders and type in any data that you want. This is how to do or how to find the deaths. You can type in a number of other categories. But remember they don't hold autism is one of the categories so we need to get this information out there. This Doctor John Bergman. God bless you, and I love you.",0.8830504417419434,117.7,118.0,event,9
dUogHxlVGOM,0," This is crazy. So when you look at this, okay, this is how you do it. You go to the vaccine adverse event Reporting System. Look at wonders and type in any data that you want. This is how to do or how to find the deaths. You can type in a number of other categories. But remember they don't hold autism is one of the categories so we need to get this information out there. This Doctor John Bergman. God bless you, and I love you.",0.8830504417419434,118.0,118.5,Reporting,9
dUogHxlVGOM,0," This is crazy. So when you look at this, okay, this is how you do it. You go to the vaccine adverse event Reporting System. Look at wonders and type in any data that you want. This is how to do or how to find the deaths. You can type in a number of other categories. But remember they don't hold autism is one of the categories so we need to get this information out there. This Doctor John Bergman. God bless you, and I love you.",0.8830504417419434,118.5,119.1,System.,9
dUogHxlVGOM,0," This is crazy. So when you look at this, okay, this is how you do it. You go to the vaccine adverse event Reporting System. Look at wonders and type in any data that you want. This is how to do or how to find the deaths. You can type in a number of other categories. But remember they don't hold autism is one of the categories so we need to get this information out there. This Doctor John Bergman. God bless you, and I love you.",0.8830504417419434,120.1,120.3,Look,9
dUogHxlVGOM,0," This is crazy. So when you look at this, okay, this is how you do it. You go to the vaccine adverse event Reporting System. Look at wonders and type in any data that you want. This is how to do or how to find the deaths. You can type in a number of other categories. But remember they don't hold autism is one of the categories so we need to get this information out there. This Doctor John Bergman. God bless you, and I love you.",0.8830504417419434,120.3,120.4,at,9
dUogHxlVGOM,0," This is crazy. So when you look at this, okay, this is how you do it. You go to the vaccine adverse event Reporting System. Look at wonders and type in any data that you want. This is how to do or how to find the deaths. You can type in a number of other categories. But remember they don't hold autism is one of the categories so we need to get this information out there. This Doctor John Bergman. God bless you, and I love you.",0.8830504417419434,120.4,121.1,wonders,9
dUogHxlVGOM,0," This is crazy. So when you look at this, okay, this is how you do it. You go to the vaccine adverse event Reporting System. Look at wonders and type in any data that you want. This is how to do or how to find the deaths. You can type in a number of other categories. But remember they don't hold autism is one of the categories so we need to get this information out there. This Doctor John Bergman. God bless you, and I love you.",0.8830504417419434,121.4,121.7,and,9
dUogHxlVGOM,0," This is crazy. So when you look at this, okay, this is how you do it. You go to the vaccine adverse event Reporting System. Look at wonders and type in any data that you want. This is how to do or how to find the deaths. You can type in a number of other categories. But remember they don't hold autism is one of the categories so we need to get this information out there. This Doctor John Bergman. God bless you, and I love you.",0.8830504417419434,121.7,122.0,type,9
dUogHxlVGOM,0," This is crazy. So when you look at this, okay, this is how you do it. You go to the vaccine adverse event Reporting System. Look at wonders and type in any data that you want. This is how to do or how to find the deaths. You can type in a number of other categories. But remember they don't hold autism is one of the categories so we need to get this information out there. This Doctor John Bergman. God bless you, and I love you.",0.8830504417419434,122.0,122.3,in,9
dUogHxlVGOM,0," This is crazy. So when you look at this, okay, this is how you do it. You go to the vaccine adverse event Reporting System. Look at wonders and type in any data that you want. This is how to do or how to find the deaths. You can type in a number of other categories. But remember they don't hold autism is one of the categories so we need to get this information out there. This Doctor John Bergman. God bless you, and I love you.",0.8830504417419434,122.3,122.6,any,9
dUogHxlVGOM,0," This is crazy. So when you look at this, okay, this is how you do it. You go to the vaccine adverse event Reporting System. Look at wonders and type in any data that you want. This is how to do or how to find the deaths. You can type in a number of other categories. But remember they don't hold autism is one of the categories so we need to get this information out there. This Doctor John Bergman. God bless you, and I love you.",0.8830504417419434,122.6,122.9,data,9
dUogHxlVGOM,0," This is crazy. So when you look at this, okay, this is how you do it. You go to the vaccine adverse event Reporting System. Look at wonders and type in any data that you want. This is how to do or how to find the deaths. You can type in a number of other categories. But remember they don't hold autism is one of the categories so we need to get this information out there. This Doctor John Bergman. God bless you, and I love you.",0.8830504417419434,122.9,123.1,that,9
dUogHxlVGOM,0," This is crazy. So when you look at this, okay, this is how you do it. You go to the vaccine adverse event Reporting System. Look at wonders and type in any data that you want. This is how to do or how to find the deaths. You can type in a number of other categories. But remember they don't hold autism is one of the categories so we need to get this information out there. This Doctor John Bergman. God bless you, and I love you.",0.8830504417419434,123.1,123.2,you,9
dUogHxlVGOM,0," This is crazy. So when you look at this, okay, this is how you do it. You go to the vaccine adverse event Reporting System. Look at wonders and type in any data that you want. This is how to do or how to find the deaths. You can type in a number of other categories. But remember they don't hold autism is one of the categories so we need to get this information out there. This Doctor John Bergman. God bless you, and I love you.",0.8830504417419434,123.2,123.9,want.,9
dUogHxlVGOM,0," This is crazy. So when you look at this, okay, this is how you do it. You go to the vaccine adverse event Reporting System. Look at wonders and type in any data that you want. This is how to do or how to find the deaths. You can type in a number of other categories. But remember they don't hold autism is one of the categories so we need to get this information out there. This Doctor John Bergman. God bless you, and I love you.",0.8830504417419434,124.3,124.5,This,9
dUogHxlVGOM,0," This is crazy. So when you look at this, okay, this is how you do it. You go to the vaccine adverse event Reporting System. Look at wonders and type in any data that you want. This is how to do or how to find the deaths. You can type in a number of other categories. But remember they don't hold autism is one of the categories so we need to get this information out there. This Doctor John Bergman. God bless you, and I love you.",0.8830504417419434,124.5,124.7,is,9
dUogHxlVGOM,0," This is crazy. So when you look at this, okay, this is how you do it. You go to the vaccine adverse event Reporting System. Look at wonders and type in any data that you want. This is how to do or how to find the deaths. You can type in a number of other categories. But remember they don't hold autism is one of the categories so we need to get this information out there. This Doctor John Bergman. God bless you, and I love you.",0.8830504417419434,124.7,125.0,how,9
dUogHxlVGOM,0," This is crazy. So when you look at this, okay, this is how you do it. You go to the vaccine adverse event Reporting System. Look at wonders and type in any data that you want. This is how to do or how to find the deaths. You can type in a number of other categories. But remember they don't hold autism is one of the categories so we need to get this information out there. This Doctor John Bergman. God bless you, and I love you.",0.8830504417419434,125.0,125.2,to,9
dUogHxlVGOM,0," This is crazy. So when you look at this, okay, this is how you do it. You go to the vaccine adverse event Reporting System. Look at wonders and type in any data that you want. This is how to do or how to find the deaths. You can type in a number of other categories. But remember they don't hold autism is one of the categories so we need to get this information out there. This Doctor John Bergman. God bless you, and I love you.",0.8830504417419434,125.2,125.8,do,9
dUogHxlVGOM,0," This is crazy. So when you look at this, okay, this is how you do it. You go to the vaccine adverse event Reporting System. Look at wonders and type in any data that you want. This is how to do or how to find the deaths. You can type in a number of other categories. But remember they don't hold autism is one of the categories so we need to get this information out there. This Doctor John Bergman. God bless you, and I love you.",0.8830504417419434,126.3,126.5,or,9
dUogHxlVGOM,0," This is crazy. So when you look at this, okay, this is how you do it. You go to the vaccine adverse event Reporting System. Look at wonders and type in any data that you want. This is how to do or how to find the deaths. You can type in a number of other categories. But remember they don't hold autism is one of the categories so we need to get this information out there. This Doctor John Bergman. God bless you, and I love you.",0.8830504417419434,126.5,126.6,how,9
dUogHxlVGOM,0," This is crazy. So when you look at this, okay, this is how you do it. You go to the vaccine adverse event Reporting System. Look at wonders and type in any data that you want. This is how to do or how to find the deaths. You can type in a number of other categories. But remember they don't hold autism is one of the categories so we need to get this information out there. This Doctor John Bergman. God bless you, and I love you.",0.8830504417419434,126.6,126.7,to,9
dUogHxlVGOM,0," This is crazy. So when you look at this, okay, this is how you do it. You go to the vaccine adverse event Reporting System. Look at wonders and type in any data that you want. This is how to do or how to find the deaths. You can type in a number of other categories. But remember they don't hold autism is one of the categories so we need to get this information out there. This Doctor John Bergman. God bless you, and I love you.",0.8830504417419434,126.7,127.3,find,9
dUogHxlVGOM,0," This is crazy. So when you look at this, okay, this is how you do it. You go to the vaccine adverse event Reporting System. Look at wonders and type in any data that you want. This is how to do or how to find the deaths. You can type in a number of other categories. But remember they don't hold autism is one of the categories so we need to get this information out there. This Doctor John Bergman. God bless you, and I love you.",0.8830504417419434,127.6,127.7,the,9
dUogHxlVGOM,0," This is crazy. So when you look at this, okay, this is how you do it. You go to the vaccine adverse event Reporting System. Look at wonders and type in any data that you want. This is how to do or how to find the deaths. You can type in a number of other categories. But remember they don't hold autism is one of the categories so we need to get this information out there. This Doctor John Bergman. God bless you, and I love you.",0.8830504417419434,127.7,128.2,deaths.,9
dUogHxlVGOM,0," This is crazy. So when you look at this, okay, this is how you do it. You go to the vaccine adverse event Reporting System. Look at wonders and type in any data that you want. This is how to do or how to find the deaths. You can type in a number of other categories. But remember they don't hold autism is one of the categories so we need to get this information out there. This Doctor John Bergman. God bless you, and I love you.",0.8830504417419434,128.2,128.4,You,9
dUogHxlVGOM,0," This is crazy. So when you look at this, okay, this is how you do it. You go to the vaccine adverse event Reporting System. Look at wonders and type in any data that you want. This is how to do or how to find the deaths. You can type in a number of other categories. But remember they don't hold autism is one of the categories so we need to get this information out there. This Doctor John Bergman. God bless you, and I love you.",0.8830504417419434,128.4,128.5,can,9
dUogHxlVGOM,0," This is crazy. So when you look at this, okay, this is how you do it. You go to the vaccine adverse event Reporting System. Look at wonders and type in any data that you want. This is how to do or how to find the deaths. You can type in a number of other categories. But remember they don't hold autism is one of the categories so we need to get this information out there. This Doctor John Bergman. God bless you, and I love you.",0.8830504417419434,128.5,128.8,type,9
dUogHxlVGOM,0," This is crazy. So when you look at this, okay, this is how you do it. You go to the vaccine adverse event Reporting System. Look at wonders and type in any data that you want. This is how to do or how to find the deaths. You can type in a number of other categories. But remember they don't hold autism is one of the categories so we need to get this information out there. This Doctor John Bergman. God bless you, and I love you.",0.8830504417419434,128.8,129.4,in,9
dUogHxlVGOM,0," This is crazy. So when you look at this, okay, this is how you do it. You go to the vaccine adverse event Reporting System. Look at wonders and type in any data that you want. This is how to do or how to find the deaths. You can type in a number of other categories. But remember they don't hold autism is one of the categories so we need to get this information out there. This Doctor John Bergman. God bless you, and I love you.",0.8830504417419434,129.5,129.6,a,9
dUogHxlVGOM,0," This is crazy. So when you look at this, okay, this is how you do it. You go to the vaccine adverse event Reporting System. Look at wonders and type in any data that you want. This is how to do or how to find the deaths. You can type in a number of other categories. But remember they don't hold autism is one of the categories so we need to get this information out there. This Doctor John Bergman. God bless you, and I love you.",0.8830504417419434,129.6,130.0,number,9
dUogHxlVGOM,0," This is crazy. So when you look at this, okay, this is how you do it. You go to the vaccine adverse event Reporting System. Look at wonders and type in any data that you want. This is how to do or how to find the deaths. You can type in a number of other categories. But remember they don't hold autism is one of the categories so we need to get this information out there. This Doctor John Bergman. God bless you, and I love you.",0.8830504417419434,130.0,130.2,of,9
dUogHxlVGOM,0," This is crazy. So when you look at this, okay, this is how you do it. You go to the vaccine adverse event Reporting System. Look at wonders and type in any data that you want. This is how to do or how to find the deaths. You can type in a number of other categories. But remember they don't hold autism is one of the categories so we need to get this information out there. This Doctor John Bergman. God bless you, and I love you.",0.8830504417419434,130.2,130.4,other,9
dUogHxlVGOM,0," This is crazy. So when you look at this, okay, this is how you do it. You go to the vaccine adverse event Reporting System. Look at wonders and type in any data that you want. This is how to do or how to find the deaths. You can type in a number of other categories. But remember they don't hold autism is one of the categories so we need to get this information out there. This Doctor John Bergman. God bless you, and I love you.",0.8830504417419434,130.4,131.3,categories.,9
dUogHxlVGOM,0," This is crazy. So when you look at this, okay, this is how you do it. You go to the vaccine adverse event Reporting System. Look at wonders and type in any data that you want. This is how to do or how to find the deaths. You can type in a number of other categories. But remember they don't hold autism is one of the categories so we need to get this information out there. This Doctor John Bergman. God bless you, and I love you.",0.8830504417419434,131.6,131.8,But,9
dUogHxlVGOM,0," This is crazy. So when you look at this, okay, this is how you do it. You go to the vaccine adverse event Reporting System. Look at wonders and type in any data that you want. This is how to do or how to find the deaths. You can type in a number of other categories. But remember they don't hold autism is one of the categories so we need to get this information out there. This Doctor John Bergman. God bless you, and I love you.",0.8830504417419434,131.8,132.2,remember,9
dUogHxlVGOM,0," This is crazy. So when you look at this, okay, this is how you do it. You go to the vaccine adverse event Reporting System. Look at wonders and type in any data that you want. This is how to do or how to find the deaths. You can type in a number of other categories. But remember they don't hold autism is one of the categories so we need to get this information out there. This Doctor John Bergman. God bless you, and I love you.",0.8830504417419434,132.2,132.3,they,9
dUogHxlVGOM,0," This is crazy. So when you look at this, okay, this is how you do it. You go to the vaccine adverse event Reporting System. Look at wonders and type in any data that you want. This is how to do or how to find the deaths. You can type in a number of other categories. But remember they don't hold autism is one of the categories so we need to get this information out there. This Doctor John Bergman. God bless you, and I love you.",0.8830504417419434,132.3,132.6,don't,9
dUogHxlVGOM,0," This is crazy. So when you look at this, okay, this is how you do it. You go to the vaccine adverse event Reporting System. Look at wonders and type in any data that you want. This is how to do or how to find the deaths. You can type in a number of other categories. But remember they don't hold autism is one of the categories so we need to get this information out there. This Doctor John Bergman. God bless you, and I love you.",0.8830504417419434,132.6,133.0,hold,9
dUogHxlVGOM,0," This is crazy. So when you look at this, okay, this is how you do it. You go to the vaccine adverse event Reporting System. Look at wonders and type in any data that you want. This is how to do or how to find the deaths. You can type in a number of other categories. But remember they don't hold autism is one of the categories so we need to get this information out there. This Doctor John Bergman. God bless you, and I love you.",0.8830504417419434,133.0,133.5,autism,9
dUogHxlVGOM,0," This is crazy. So when you look at this, okay, this is how you do it. You go to the vaccine adverse event Reporting System. Look at wonders and type in any data that you want. This is how to do or how to find the deaths. You can type in a number of other categories. But remember they don't hold autism is one of the categories so we need to get this information out there. This Doctor John Bergman. God bless you, and I love you.",0.8830504417419434,133.5,133.7,is,9
dUogHxlVGOM,0," This is crazy. So when you look at this, okay, this is how you do it. You go to the vaccine adverse event Reporting System. Look at wonders and type in any data that you want. This is how to do or how to find the deaths. You can type in a number of other categories. But remember they don't hold autism is one of the categories so we need to get this information out there. This Doctor John Bergman. God bless you, and I love you.",0.8830504417419434,133.7,133.8,one,9
dUogHxlVGOM,0," This is crazy. So when you look at this, okay, this is how you do it. You go to the vaccine adverse event Reporting System. Look at wonders and type in any data that you want. This is how to do or how to find the deaths. You can type in a number of other categories. But remember they don't hold autism is one of the categories so we need to get this information out there. This Doctor John Bergman. God bless you, and I love you.",0.8830504417419434,133.8,133.9,of,9
dUogHxlVGOM,0," This is crazy. So when you look at this, okay, this is how you do it. You go to the vaccine adverse event Reporting System. Look at wonders and type in any data that you want. This is how to do or how to find the deaths. You can type in a number of other categories. But remember they don't hold autism is one of the categories so we need to get this information out there. This Doctor John Bergman. God bless you, and I love you.",0.8830504417419434,133.9,134.0,the,9
dUogHxlVGOM,0," This is crazy. So when you look at this, okay, this is how you do it. You go to the vaccine adverse event Reporting System. Look at wonders and type in any data that you want. This is how to do or how to find the deaths. You can type in a number of other categories. But remember they don't hold autism is one of the categories so we need to get this information out there. This Doctor John Bergman. God bless you, and I love you.",0.8830504417419434,134.0,134.8,categories,9
dUogHxlVGOM,0," This is crazy. So when you look at this, okay, this is how you do it. You go to the vaccine adverse event Reporting System. Look at wonders and type in any data that you want. This is how to do or how to find the deaths. You can type in a number of other categories. But remember they don't hold autism is one of the categories so we need to get this information out there. This Doctor John Bergman. God bless you, and I love you.",0.8830504417419434,135.5,135.8,so,9
dUogHxlVGOM,0," This is crazy. So when you look at this, okay, this is how you do it. You go to the vaccine adverse event Reporting System. Look at wonders and type in any data that you want. This is how to do or how to find the deaths. You can type in a number of other categories. But remember they don't hold autism is one of the categories so we need to get this information out there. This Doctor John Bergman. God bless you, and I love you.",0.8830504417419434,135.8,135.9,we,9
dUogHxlVGOM,0," This is crazy. So when you look at this, okay, this is how you do it. You go to the vaccine adverse event Reporting System. Look at wonders and type in any data that you want. This is how to do or how to find the deaths. You can type in a number of other categories. But remember they don't hold autism is one of the categories so we need to get this information out there. This Doctor John Bergman. God bless you, and I love you.",0.8830504417419434,135.9,136.1,need,9
dUogHxlVGOM,0," This is crazy. So when you look at this, okay, this is how you do it. You go to the vaccine adverse event Reporting System. Look at wonders and type in any data that you want. This is how to do or how to find the deaths. You can type in a number of other categories. But remember they don't hold autism is one of the categories so we need to get this information out there. This Doctor John Bergman. God bless you, and I love you.",0.8830504417419434,136.1,136.2,to,9
dUogHxlVGOM,0," This is crazy. So when you look at this, okay, this is how you do it. You go to the vaccine adverse event Reporting System. Look at wonders and type in any data that you want. This is how to do or how to find the deaths. You can type in a number of other categories. But remember they don't hold autism is one of the categories so we need to get this information out there. This Doctor John Bergman. God bless you, and I love you.",0.8830504417419434,136.2,136.4,get,9
dUogHxlVGOM,0," This is crazy. So when you look at this, okay, this is how you do it. You go to the vaccine adverse event Reporting System. Look at wonders and type in any data that you want. This is how to do or how to find the deaths. You can type in a number of other categories. But remember they don't hold autism is one of the categories so we need to get this information out there. This Doctor John Bergman. God bless you, and I love you.",0.8830504417419434,136.4,136.6,this,9
dUogHxlVGOM,0," This is crazy. So when you look at this, okay, this is how you do it. You go to the vaccine adverse event Reporting System. Look at wonders and type in any data that you want. This is how to do or how to find the deaths. You can type in a number of other categories. But remember they don't hold autism is one of the categories so we need to get this information out there. This Doctor John Bergman. God bless you, and I love you.",0.8830504417419434,136.6,137.2,information,9
dUogHxlVGOM,0," This is crazy. So when you look at this, okay, this is how you do it. You go to the vaccine adverse event Reporting System. Look at wonders and type in any data that you want. This is how to do or how to find the deaths. You can type in a number of other categories. But remember they don't hold autism is one of the categories so we need to get this information out there. This Doctor John Bergman. God bless you, and I love you.",0.8830504417419434,137.2,137.4,out,9
dUogHxlVGOM,0," This is crazy. So when you look at this, okay, this is how you do it. You go to the vaccine adverse event Reporting System. Look at wonders and type in any data that you want. This is how to do or how to find the deaths. You can type in a number of other categories. But remember they don't hold autism is one of the categories so we need to get this information out there. This Doctor John Bergman. God bless you, and I love you.",0.8830504417419434,137.4,137.8,there.,9
dUogHxlVGOM,0," This is crazy. So when you look at this, okay, this is how you do it. You go to the vaccine adverse event Reporting System. Look at wonders and type in any data that you want. This is how to do or how to find the deaths. You can type in a number of other categories. But remember they don't hold autism is one of the categories so we need to get this information out there. This Doctor John Bergman. God bless you, and I love you.",0.8830504417419434,138.3,138.5,This,9
dUogHxlVGOM,0," This is crazy. So when you look at this, okay, this is how you do it. You go to the vaccine adverse event Reporting System. Look at wonders and type in any data that you want. This is how to do or how to find the deaths. You can type in a number of other categories. But remember they don't hold autism is one of the categories so we need to get this information out there. This Doctor John Bergman. God bless you, and I love you.",0.8830504417419434,138.5,138.8,Doctor,9
dUogHxlVGOM,0," This is crazy. So when you look at this, okay, this is how you do it. You go to the vaccine adverse event Reporting System. Look at wonders and type in any data that you want. This is how to do or how to find the deaths. You can type in a number of other categories. But remember they don't hold autism is one of the categories so we need to get this information out there. This Doctor John Bergman. God bless you, and I love you.",0.8830504417419434,138.8,139.1,John,9
dUogHxlVGOM,0," This is crazy. So when you look at this, okay, this is how you do it. You go to the vaccine adverse event Reporting System. Look at wonders and type in any data that you want. This is how to do or how to find the deaths. You can type in a number of other categories. But remember they don't hold autism is one of the categories so we need to get this information out there. This Doctor John Bergman. God bless you, and I love you.",0.8830504417419434,139.1,139.7,Bergman.,9
dUogHxlVGOM,0," This is crazy. So when you look at this, okay, this is how you do it. You go to the vaccine adverse event Reporting System. Look at wonders and type in any data that you want. This is how to do or how to find the deaths. You can type in a number of other categories. But remember they don't hold autism is one of the categories so we need to get this information out there. This Doctor John Bergman. God bless you, and I love you.",0.8830504417419434,139.7,140.0,God,9
dUogHxlVGOM,0," This is crazy. So when you look at this, okay, this is how you do it. You go to the vaccine adverse event Reporting System. Look at wonders and type in any data that you want. This is how to do or how to find the deaths. You can type in a number of other categories. But remember they don't hold autism is one of the categories so we need to get this information out there. This Doctor John Bergman. God bless you, and I love you.",0.8830504417419434,140.0,140.4,bless,9
dUogHxlVGOM,0," This is crazy. So when you look at this, okay, this is how you do it. You go to the vaccine adverse event Reporting System. Look at wonders and type in any data that you want. This is how to do or how to find the deaths. You can type in a number of other categories. But remember they don't hold autism is one of the categories so we need to get this information out there. This Doctor John Bergman. God bless you, and I love you.",0.8830504417419434,140.4,140.7,"you,",9
dUogHxlVGOM,0," This is crazy. So when you look at this, okay, this is how you do it. You go to the vaccine adverse event Reporting System. Look at wonders and type in any data that you want. This is how to do or how to find the deaths. You can type in a number of other categories. But remember they don't hold autism is one of the categories so we need to get this information out there. This Doctor John Bergman. God bless you, and I love you.",0.8830504417419434,140.8,140.9,and,9
dUogHxlVGOM,0," This is crazy. So when you look at this, okay, this is how you do it. You go to the vaccine adverse event Reporting System. Look at wonders and type in any data that you want. This is how to do or how to find the deaths. You can type in a number of other categories. But remember they don't hold autism is one of the categories so we need to get this information out there. This Doctor John Bergman. God bless you, and I love you.",0.8830504417419434,140.9,141.0,I,9
dUogHxlVGOM,0," This is crazy. So when you look at this, okay, this is how you do it. You go to the vaccine adverse event Reporting System. Look at wonders and type in any data that you want. This is how to do or how to find the deaths. You can type in a number of other categories. But remember they don't hold autism is one of the categories so we need to get this information out there. This Doctor John Bergman. God bless you, and I love you.",0.8830504417419434,141.0,141.3,love,9
dUogHxlVGOM,0," This is crazy. So when you look at this, okay, this is how you do it. You go to the vaccine adverse event Reporting System. Look at wonders and type in any data that you want. This is how to do or how to find the deaths. You can type in a number of other categories. But remember they don't hold autism is one of the categories so we need to get this information out there. This Doctor John Bergman. God bless you, and I love you.",0.8830504417419434,141.3,141.5,you.,9
dUogHxlVGOM,0, Let's save the kids.,0.9128385186195374,143.2,143.5,Let's,10
dUogHxlVGOM,0, Let's save the kids.,0.9128385186195374,143.5,143.8,save,10
dUogHxlVGOM,0, Let's save the kids.,0.9128385186195374,143.8,143.9,the,10
dUogHxlVGOM,0, Let's save the kids.,0.9128385186195374,143.9,144.3,kids.,10
