HITId,AssignmentId,AnonymizedWorkerId,storageLink,video_id,video_id_paper,topic,channelTitle,alignment_video,alignment_topic,accuracy_before,trustworthiness_before,usefulness_video_before,confidence_video_before,comments,coded_comments,coded_comments_themes,coded_comments_observations
36QZ6V159CJ8DNWZVQ4RAQTJG10SUY,308Q0PEVBCJNM13TI5LOZCV7KAII9R,U27,[PLACEHOLDER_VIDEO_STORAGE_LOCATION]/DIFh9aOJeZ0.mp4,DIFh9aOJeZ0,FT1,Free Trade,Daily Mail,4,4,4,4,1,4,,,,
3GVPRXWRQK0HLYH7D6H2WW9C0WM7ID,308Q0PEVBCJNM13TI5LOZCV7LY79IK,U12,[PLACEHOLDER_VIDEO_STORAGE_LOCATION]/GzvfpyyZO9o.mp4,GzvfpyyZO9o,V1,Vaccination,Vox,4,4,4,4,1,4,,,,
3DIIW4IV9S1K2BZOB8JVTKP29S7I4B,30BUDKLTXH1S59ZVJWIG2HSD7YFE51,U61,[PLACEHOLDER_VIDEO_STORAGE_LOCATION]/EZJGDCx5Nas.mp4,EZJGDCx5Nas,CI3,Catalonia Independence,RT,3,3,3,4,1,4,The video does a good job presenting the opinions of those featured in it,relevant,informative video,
3NSCTNUR32TNSCKQDPASHE7XWIMA5X,30IQTZXKAOC2G24BHV2W9BHT67MX01,U38,[PLACEHOLDER_VIDEO_STORAGE_LOCATION]/7mpxbenv6PA.mp4,7mpxbenv6PA,FT2,Free Trade,Brexit Party MEPs,3,4,5,5,-1,4,As a person who family works for forgien trade it fide tarrifts bad but I understand them being good for the over all,relevant,personal opinion on the topic,
3Y40HMYLM4OG94IYP0AE9YABWIZUXA,30MVJZJNHQJJHCNZ0N6OBDA7Y2TJ9H,U61,[PLACEHOLDER_VIDEO_STORAGE_LOCATION]/z23VDaHcW8k.mp4,z23VDaHcW8k,V2,Vaccination,Grandayy,5,4,5,5,1,5,The video is informative and persuasive,relevant,informative video,informative
31MBOZ6PBRXPNGK9PQMQ4YTIIB7CLP,30OG32W0SYHWVY51NWE2WYSZYUHENF,U14,[PLACEHOLDER_VIDEO_STORAGE_LOCATION]/z23VDaHcW8k.mp4,z23VDaHcW8k,V2,Vaccination,Grandayy,5,4,5,5,1,5,,,,
3K3G488TS5EFFSR72L7E7EM2ZWMQ5P,30X31N5D67WQLYGUFNT2Z9CEZOOAS8,U48,[PLACEHOLDER_VIDEO_STORAGE_LOCATION]/GzvfpyyZO9o.mp4,GzvfpyyZO9o,V1,Vaccination,Vox,2,4,1,2,-1,4,,,,
3YCT0L9ONPFVIXCQYPS5WV1P857NS1,3180JW2OT8I0GPLNXXT7ZX55BRCJ5X,U13,[PLACEHOLDER_VIDEO_STORAGE_LOCATION]/CGYzH8nEZr0.mp4,CGYzH8nEZr0,CI2,Catalonia Independence,BBC News,4,2,4,4,1,4,Nice to see real people instead of shills,relevant,speakers in the video,
3PMR2DOWPR78QN494O014BLX48Q54H,3180JW2OT8I0GPLNXXT7ZX55CHIJ5K,U43,[PLACEHOLDER_VIDEO_STORAGE_LOCATION]/CGYzH8nEZr0.mp4,CGYzH8nEZr0,CI2,Catalonia Independence,BBC News,3,3,3,4,1,4,hearing actual Catalonians is helpful.,relevant,"personal opinion, useful video",
31MBOZ6PBRXPNGK9PQMQ4YTIIB7CLP,31EUONYN2Z9VFURZJ13PBRGQOZLOV6,U55,[PLACEHOLDER_VIDEO_STORAGE_LOCATION]/z23VDaHcW8k.mp4,z23VDaHcW8k,V2,Vaccination,Grandayy,5,4,5,5,1,4,The video is accurate and contains useful information on the topic. It is a good and reliable summary of the issue with lots of key facts.,relevant,"accurate, useful video",
38RHULDVA1LWBDI8LEPEOC8TSJ9IWV,31HQ4X3T3WG7HH7YCEIS8NSPT0KLSY,U7,[PLACEHOLDER_VIDEO_STORAGE_LOCATION]/EZJGDCx5Nas.mp4,EZJGDCx5Nas,CI3,Catalonia Independence,RT,5,4,5,5,1,5,,,,
3GMLHYZ0MH359988UWWGSCHKYOTUYG,31JLPPHS2Y0B3LPGZRXJSWO7X3QO3J,U49,[PLACEHOLDER_VIDEO_STORAGE_LOCATION]/7mpxbenv6PA.mp4,7mpxbenv6PA,FT2,Free Trade,Brexit Party MEPs,4,1,4,4,1,4,,,,
3SSN80MU9FU268DMVM6C3B1DTP4KX1,31N2WW6R9VWHX8CN0OET52FT4O9F35,U40,[PLACEHOLDER_VIDEO_STORAGE_LOCATION]/N3mWF0Fr7RM.mp4,N3mWF0Fr7RM,V3,Vaccination,Nuclear Family,1,4,1,1,-1,4,"I was shocked when they said vaccines. Was super dramatic. I quickly realzed it was a joke, pretty funny. I got confused by the end, what is happening. The gun thing at the end was pretty hilarious.",relevant,satirical video,
3087LXLJ7PMJTWFXRZQ8EKMXCQOF0U,31Q0U3WYDTL88CJ2V12YTHNF96971F,U52,[PLACEHOLDER_VIDEO_STORAGE_LOCATION]/EZJGDCx5Nas.mp4,EZJGDCx5Nas,CI3,Catalonia Independence,RT,3,2,4,4,1,4,,,,
3LN50BUKQYH8H5TDUV8WOYSPHSXPLN,31T4R4OBOWMSVFT0BYRIAD66DRX7CE,U1,[PLACEHOLDER_VIDEO_STORAGE_LOCATION]/N3mWF0Fr7RM.mp4,N3mWF0Fr7RM,V3,Vaccination,Nuclear Family,3,4,3,2,-1,5,I like this video but I don't think that most people are smart enough to see that this is satire - especially anti-vaxers,relevant,"satirical video, alignment with the video",satire
3YCT0L9ONPFVIXCQYPS5WV1P857NS1,320DUZ38GBSYWMA7ETCY3UWU11HJG8,U47,[PLACEHOLDER_VIDEO_STORAGE_LOCATION]/CGYzH8nEZr0.mp4,CGYzH8nEZr0,CI2,Catalonia Independence,BBC News,3,2,4,5,1,4,It was an informative video about the catalona independence but there was not a lot of details.,relevant,informative video,informative
3GMLHYZ0MH359988UWWGSCHKYOTUYG,320DUZ38GBSYWMA7ETCY3UWU2H7JGV,U21,[PLACEHOLDER_VIDEO_STORAGE_LOCATION]/7mpxbenv6PA.mp4,7mpxbenv6PA,FT2,Free Trade,Brexit Party MEPs,3,2,3,4,-1,2,,,,
3MA5N0ATUFHNH88WLHAQ1SN6KNYKW8,32EYX73OY4FYZSUF63AO90JCKQRURC,U47,[PLACEHOLDER_VIDEO_STORAGE_LOCATION]/EvhvMgcJ6M8.mp4,EvhvMgcJ6M8,CI1,Catalonia Independence,CNN,3,2,4,4,-1,4,This video was mainly news reporting about an event instead of an informative video.,relevant,video not informative,
3PR3LXCWTI5IPCUVRPFND2NXJXPX9M,32EYX73OY4FYZSUF63AO90JCL6FURX,U65,[PLACEHOLDER_VIDEO_STORAGE_LOCATION]/DIFh9aOJeZ0.mp4,DIFh9aOJeZ0,FT1,Free Trade,Daily Mail,3,3,4,4,1,4,GIVES PERTINENT FACTS ABOUT TRADE BETWEEN UK AND THE EU.,relevant,factual video,facts
3PEG1BH7BHXVT5ALQQEUEEALBODKBU,32M8BPYGAXS21BQ1WBRYRTHUP2FIGF,U65,[PLACEHOLDER_VIDEO_STORAGE_LOCATION]/TsWNc9BusJ4.mp4,TsWNc9BusJ4,FT3,Free Trade,BBC News,4,3,4,4,1,4,GIVES USEFUL INFO ON THE TOPIC. UNDERSTANDABLE,relevant,useful video,useful
3LN50BUKQYH8H5TDUV8WOYSPHSXPLN,32M8BPYGAXS21BQ1WBRYRTHUP2JIGJ,U21,[PLACEHOLDER_VIDEO_STORAGE_LOCATION]/N3mWF0Fr7RM.mp4,N3mWF0Fr7RM,V3,Vaccination,Nuclear Family,1,3,1,1,0,4,,,,
38RHULDVA1LWBDI8LEPEOC8TSJ9IWV,32Q90QCQ1WRVNSKYQJMM46BV3BFEK0,U20,[PLACEHOLDER_VIDEO_STORAGE_LOCATION]/EZJGDCx5Nas.mp4,EZJGDCx5Nas,CI3,Catalonia Independence,RT,3,3,3,3,1,3,"Because this is a new subject to me I don't have strong beliefs on this issue. But from what I am hearing here, I would say that Catalonia would be better off breaking away from Spain.",relevant,opinion on the topic,opinion on topic
3MA5N0ATUFHNH88WLHAQ1SN6KNYKW8,32Q90QCQ1WRVNSKYQJMM46BV3BNEK8,U27,[PLACEHOLDER_VIDEO_STORAGE_LOCATION]/EvhvMgcJ6M8.mp4,EvhvMgcJ6M8,CI1,Catalonia Independence,CNN,5,4,5,5,1,5,,,,
3PEG1BH7BHXVT5ALQQEUEEALBODKBU,32RIADZISWABJ90D6MJBM6QE8VFS41,U21,[PLACEHOLDER_VIDEO_STORAGE_LOCATION]/TsWNc9BusJ4.mp4,TsWNc9BusJ4,FT3,Free Trade,BBC News,3,2,4,4,1,5,,,,
38RHULDVA1LWBDI8LEPEOC8TSJ9IWV,32SCWG5HILASL4OZXT8WOZ5HGLMP6C,U16,[PLACEHOLDER_VIDEO_STORAGE_LOCATION]/EZJGDCx5Nas.mp4,EZJGDCx5Nas,CI3,Catalonia Independence,RT,2,1,3,2,-1,2,"I don't really trust RT, since I believe that is Russia Today, which is operated by the Russian government. I am not 100% sure of their editorial independence, but I'm also not sure what kind of interests they might have in Spain.",relevant,opinion on the video channel,channel
3DIIW4IV9S1K2BZOB8JVTKP29S7I4B,32SVAV9L3JFM1HVFP8S1R1428OGA34,U49,[PLACEHOLDER_VIDEO_STORAGE_LOCATION]/EZJGDCx5Nas.mp4,EZJGDCx5Nas,CI3,Catalonia Independence,RT,3,1,5,5,1,5,,,,
3CMIQF80HQWBYWRL74HJZK02VRXQ65,32Z9ZLUT1PQQXTWFECMLWQPHFUBOH0,U7,[PLACEHOLDER_VIDEO_STORAGE_LOCATION]/7mpxbenv6PA.mp4,7mpxbenv6PA,FT2,Free Trade,Brexit Party MEPs,1,2,1,1,-1,5,,,,
31MBOZ6PBRXPNGK9PQMQ4YTIIB7CLP,32ZKVD547JTRKR07VMSXMCO8QGA3BL,U12,[PLACEHOLDER_VIDEO_STORAGE_LOCATION]/z23VDaHcW8k.mp4,z23VDaHcW8k,V2,Vaccination,Grandayy,4,4,4,4,1,4,,,,
36QZ6V159CJ8DNWZVQ4RAQTJG10SUY,333U7HK6IDLVK20GC3BQX9TXO92DJT,U47,[PLACEHOLDER_VIDEO_STORAGE_LOCATION]/DIFh9aOJeZ0.mp4,DIFh9aOJeZ0,FT1,Free Trade,Daily Mail,2,4,4,5,1,4,It was informative video about brexit.,relevant,informative video,
3NSCTNUR32TNSCKQDPASHE7XWIMA5X,333U7HK6IDLVK20GC3BQX9TXPYFJDR,U22,[PLACEHOLDER_VIDEO_STORAGE_LOCATION]/7mpxbenv6PA.mp4,7mpxbenv6PA,FT2,Free Trade,Brexit Party MEPs,3,2,4,4,1,4,,,,
36QZ6V159CJ8DNWZVQ4RAQTJG10SUY,336KAV9KYUYYCHXZ1ESCBDHH4RQY2D,U44,[PLACEHOLDER_VIDEO_STORAGE_LOCATION]/DIFh9aOJeZ0.mp4,DIFh9aOJeZ0,FT1,Free Trade,Daily Mail,3,2,3,4,1,5,"While the video contains some interesting information, it would be helpful to know more about her political views, since she is from England and not someone we see on tv very often. I know who she is, May, but it is also important to know her views on free trade before giving my opinion of it is trustworthy or not.",relevant,"interesting video, more views are needed",opinion on topic
3HA5ODM5LDY8Q2LZ0GEW6CV2U89SVN,338JKRMM2A51VP2E4TH3VV5CQD7HAU,U13,[PLACEHOLDER_VIDEO_STORAGE_LOCATION]/z23VDaHcW8k.mp4,z23VDaHcW8k,V2,Vaccination,Grandayy,1,5,1,1,-1,4,The doc is totally untrustworthy and the video is misleading.,relevant,untrustworthy and misleading video,
3MA5N0ATUFHNH88WLHAQ1SN6KNYKW8,33CKWXB73NQUXQ406LLPS7W25U011M,U30,[PLACEHOLDER_VIDEO_STORAGE_LOCATION]/EvhvMgcJ6M8.mp4,EvhvMgcJ6M8,CI1,Catalonia Independence,CNN,5,5,4,4,1,5,,,,
3K3G488TS5EFFSR72L7E7EM2ZWMQ5P,33CKWXB73NQUXQ406LLPS7W25V511T,U63,[PLACEHOLDER_VIDEO_STORAGE_LOCATION]/GzvfpyyZO9o.mp4,GzvfpyyZO9o,V1,Vaccination,Vox,4,4,5,5,1,5,,,,
3MA5N0ATUFHNH88WLHAQ1SN6KNYKW8,33ISQZVXPTSY7WOW2FZTQZYKDOMCCH,U53,[PLACEHOLDER_VIDEO_STORAGE_LOCATION]/EvhvMgcJ6M8.mp4,EvhvMgcJ6M8,CI1,Catalonia Independence,CNN,2,4,4,4,1,4,Catalonia is being in distaster! It seems that they are trying to stop a vote and having the vote being stopped.,relevant,personal opinion,
3B6F54KMS5IS4Q51T2U7ZOOM66ZS10,33ISQZVXPTSY7WOW2FZTQZYKE41CCT,U15,[PLACEHOLDER_VIDEO_STORAGE_LOCATION]/EvhvMgcJ6M8.mp4,EvhvMgcJ6M8,CI1,Catalonia Independence,CNN,3,3,3,3,0,3,,,,
3IKDQS3DRH6NXFC34NPDCI1Q17DCIB,33LK57MYLXBRM6O2RF91G23N9Z1SZE,U10,[PLACEHOLDER_VIDEO_STORAGE_LOCATION]/EvhvMgcJ6M8.mp4,EvhvMgcJ6M8,CI1,Catalonia Independence,CNN,3,2,5,5,1,4,,,,
3TRB893CTMG3P7BCNIHZBKWWLJU7GL,33NF62TLXN83Y86Q4KXD1MON975JKX,U14,[PLACEHOLDER_VIDEO_STORAGE_LOCATION]/N3mWF0Fr7RM.mp4,N3mWF0Fr7RM,V3,Vaccination,Nuclear Family,4,4,5,4,1,4,,,,
36QZ6V159CJ8DNWZVQ4RAQTJG10SUY,33PPUNGG3CBFLROPCQ9WQSYRM87ZR7,U63,[PLACEHOLDER_VIDEO_STORAGE_LOCATION]/DIFh9aOJeZ0.mp4,DIFh9aOJeZ0,FT1,Free Trade,Daily Mail,5,3,4,5,1,5,She sounds very confident in what she's saying and knowledgable about the topic.,relevant,speaker in the video,speaker in the video
3HA5ODM5LDY8Q2LZ0GEW6CV2U89SVN,345LHZDED1Y6GQ9DVD9SR2GWEBD3UH,U4,[PLACEHOLDER_VIDEO_STORAGE_LOCATION]/z23VDaHcW8k.mp4,z23VDaHcW8k,V2,Vaccination,Grandayy,2,5,3,3,-1,5,"I am an anti vaxer as they call us on Twitter and other social media platforms. Vaccinations do not resonate with me. I got a flu shot a couple of times and both times I developed the flu full course immediately after. when I do not get a flu shot, I do not get sick.",relevant,opinion on the topic,
3TRB893CTMG3P7BCNIHZBKWWLJU7GL,34MAJL3QP8T7ZSFYG7IAEYI2GP634U,U25,[PLACEHOLDER_VIDEO_STORAGE_LOCATION]/N3mWF0Fr7RM.mp4,N3mWF0Fr7RM,V3,Vaccination,Nuclear Family,5,5,5,5,1,5,While it is not always great to make fun of serious matters sometimes it helps to get the point across.,relevant,satirical video,
36QZ6V159CJ8DNWZVQ4RAQTJG10SUY,34PGFRQONSHUT807TYGGPXIIVWFWJ6,U41,[PLACEHOLDER_VIDEO_STORAGE_LOCATION]/DIFh9aOJeZ0.mp4,DIFh9aOJeZ0,FT1,Free Trade,Daily Mail,3,3,4,4,-1,4,"This video only shows one side of the issue, so I cannot form an opinion without hearing the other side.",relevant,One-sided video,
3HA5ODM5LDY8Q2LZ0GEW6CV2U89SVN,34Q075JO11JUQ1JIA2HPE2DS03U01K,U47,[PLACEHOLDER_VIDEO_STORAGE_LOCATION]/z23VDaHcW8k.mp4,z23VDaHcW8k,V2,Vaccination,Grandayy,5,5,5,5,1,5,This is a informative video and relatively funny.,relevant,informative video,
3TRB893CTMG3P7BCNIHZBKWWLJU7GL,34Q075JO11JUQ1JIA2HPE2DS1TC01J,U10,[PLACEHOLDER_VIDEO_STORAGE_LOCATION]/N3mWF0Fr7RM.mp4,N3mWF0Fr7RM,V3,Vaccination,Nuclear Family,5,5,5,4,1,5,,,,
3MA5N0ATUFHNH88WLHAQ1SN6KNYKW8,34S6N1K2ZZPIR8TI1K6T49LNKRNLH1,U5,[PLACEHOLDER_VIDEO_STORAGE_LOCATION]/EvhvMgcJ6M8.mp4,EvhvMgcJ6M8,CI1,Catalonia Independence,CNN,4,3,4,5,1,4,,,,
3TRB893CTMG3P7BCNIHZBKWWLJU7GL,34S9DKFK77VU13MSNXQW31KFG6GYN8,U46,[PLACEHOLDER_VIDEO_STORAGE_LOCATION]/N3mWF0Fr7RM.mp4,N3mWF0Fr7RM,V3,Vaccination,Nuclear Family,2,5,2,1,-1,5,,,,
3PEG1BH7BHXVT5ALQQEUEEALBODKBU,34S9DKFK77VU13MSNXQW31KFGUENY7,U59,[PLACEHOLDER_VIDEO_STORAGE_LOCATION]/TsWNc9BusJ4.mp4,TsWNc9BusJ4,FT3,Free Trade,BBC News,3,4,5,4,1,4,,,,
3NSCTNUR32TNSCKQDPASHE7XWIMA5X,34T446B1C4KED4TGQZ69VYWJ5PQ0CU,U55,[PLACEHOLDER_VIDEO_STORAGE_LOCATION]/7mpxbenv6PA.mp4,7mpxbenv6PA,FT2,Free Trade,Brexit Party MEPs,3,3,4,3,-1,3,"The information in the video may be accurate, but it is primarily from one single source, one person's argument or opinion which may be biased, so it is likely not the best or most comprehensive source of information on the topic. It does not provide enough background or general information on the topic.",relevant,One-sided video,One-sided information
3PEG1BH7BHXVT5ALQQEUEEALBODKBU,34YB12FSQ2UOXUGSHQPQJMOB69EGM4,U61,[PLACEHOLDER_VIDEO_STORAGE_LOCATION]/TsWNc9BusJ4.mp4,TsWNc9BusJ4,FT3,Free Trade,BBC News,4,5,5,4,1,4,The video was useful for information and i'm a big believer in free trade.,relevant,"useful video, opinion on the topic",
3DIIW4IV9S1K2BZOB8JVTKP29S7I4B,34YB12FSQ2UOXUGSHQPQJMOB6AMMGK,U28,[PLACEHOLDER_VIDEO_STORAGE_LOCATION]/EZJGDCx5Nas.mp4,EZJGDCx5Nas,CI3,Catalonia Independence,RT,3,3,4,4,1,5,The video is very clear and they explain very well how some people feel about independence in Catalan.,relevant,informative video,informative
3IKDQS3DRH6NXFC34NPDCI1Q17DCIB,34YB12FSQ2UOXUGSHQPQJMOB6KNGMZ,U12,[PLACEHOLDER_VIDEO_STORAGE_LOCATION]/EvhvMgcJ6M8.mp4,EvhvMgcJ6M8,CI1,Catalonia Independence,CNN,3,3,3,3,0,3,,,,
3K3G488TS5EFFSR72L7E7EM2ZWMQ5P,351SEKWQS4NLLA61F0OID1LES4GMDR,U27,[PLACEHOLDER_VIDEO_STORAGE_LOCATION]/GzvfpyyZO9o.mp4,GzvfpyyZO9o,V1,Vaccination,Vox,5,5,5,5,1,5,,,,
3WYZV0QBGMJ1D59SP9TJ48IN7XSXBW,358UUM7WR39W1HIJTVHDZ85SDSY7RI,U59,[PLACEHOLDER_VIDEO_STORAGE_LOCATION]/CGYzH8nEZr0.mp4,CGYzH8nEZr0,CI2,Catalonia Independence,BBC News,3,1,3,4,1,3,,,,
3K3G488TS5EFFSR72L7E7EM2ZWMQ5P,35L9RVQFCSOLAYGCAYYUVWH6XGVUHF,U53,[PLACEHOLDER_VIDEO_STORAGE_LOCATION]/GzvfpyyZO9o.mp4,GzvfpyyZO9o,V1,Vaccination,Vox,4,4,5,5,1,5,There was a lot of clear cut information in the video. I can see and agree with a lot of points in the video. The overall information in the video is really good and thought out well.,relevant,informative video,
3IVKZBIBK3F381QFVRXSRB4TNXKHSH,35L9RVQFCSOLAYGCAYYUVWH6Y61UH2,U12,[PLACEHOLDER_VIDEO_STORAGE_LOCATION]/TsWNc9BusJ4.mp4,TsWNc9BusJ4,FT3,Free Trade,BBC News,3,3,3,4,-1,4,,,,
38RHULDVA1LWBDI8LEPEOC8TSJ9IWV,35LDD5557EATZGCB7HA5HEG4CDIMK9,U5,[PLACEHOLDER_VIDEO_STORAGE_LOCATION]/EZJGDCx5Nas.mp4,EZJGDCx5Nas,CI3,Catalonia Independence,RT,4,4,4,5,1,4,"I've seen 3 videos now about Catalonia.  I was not at all informed about this topic, but I've become really interested, just from working on these hits.",relevant,lack of knowledge,
3YCT0L9ONPFVIXCQYPS5WV1P857NS1,35USIKEBNVMSIJCMHEV4KA0MHIYN6G,U19,[PLACEHOLDER_VIDEO_STORAGE_LOCATION]/CGYzH8nEZr0.mp4,CGYzH8nEZr0,CI2,Catalonia Independence,BBC News,4,4,4,4,1,4,"They seam to be a very nice kind of people. I would love to travel there. I think their accents are awesome! even though they identify as different people, they have different views, they seam to be respectful of each other. .",relevant,personal opinion,
31MBOZ6PBRXPNGK9PQMQ4YTIIB7CLP,369J354OFHGM8RV0UAI9UQRPGKA6GH,U40,[PLACEHOLDER_VIDEO_STORAGE_LOCATION]/z23VDaHcW8k.mp4,z23VDaHcW8k,V2,Vaccination,Grandayy,5,5,5,3,1,3,"THe pictures definitely lost credibility. I get that he was trying to be funny, which I felt like he could have done without make this entire video a joke. I made me not focus on what he was actualyl saying.",relevant,"video not credible, parody",parody
3TRB893CTMG3P7BCNIHZBKWWLJU7GL,369J354OFHGM8RV0UAI9UQRPGLAG6T,U32,[PLACEHOLDER_VIDEO_STORAGE_LOCATION]/N3mWF0Fr7RM.mp4,N3mWF0Fr7RM,V3,Vaccination,Nuclear Family,4,4,3,3,-1,4,"This was funny, but not very informative. I doubt mocking a conversation partner's beliefs would lead to a productive conversation. And I wouldn't bring in another hot topic--guns.",relevant,"video not informative, satirical video",
38RHULDVA1LWBDI8LEPEOC8TSJ9IWV,36AHBNMV1VILFRVFY3CT7W8L1CFDYP,U26,[PLACEHOLDER_VIDEO_STORAGE_LOCATION]/EZJGDCx5Nas.mp4,EZJGDCx5Nas,CI3,Catalonia Independence,RT,5,3,5,5,1,5,This is a plea for future independence for Catalans. They should be able to have their own culture and language as their own.,relevant,personal opinion,
3IKDQS3DRH6NXFC34NPDCI1Q17DCIB,36AHBNMV1VILFRVFY3CT7W8L22EYDQ,U64,[PLACEHOLDER_VIDEO_STORAGE_LOCATION]/EvhvMgcJ6M8.mp4,EvhvMgcJ6M8,CI1,Catalonia Independence,CNN,3,3,4,4,1,4,,,,
3IYI9285XV6JSQW9M5ADOJGQEM2CJN,36DSNE9QZ94MOZR52CP6835WTCGOJN,U12,[PLACEHOLDER_VIDEO_STORAGE_LOCATION]/DIFh9aOJeZ0.mp4,DIFh9aOJeZ0,FT1,Free Trade,Daily Mail,2,4,4,4,-1,4,,,,
3WYZV0QBGMJ1D59SP9TJ48IN7XSXBW,36H9ULYP660SIMEC396GL9WI10ZJFK,U15,[PLACEHOLDER_VIDEO_STORAGE_LOCATION]/CGYzH8nEZr0.mp4,CGYzH8nEZr0,CI2,Catalonia Independence,BBC News,3,3,4,4,1,5,,,,
3IKDQS3DRH6NXFC34NPDCI1Q17DCIB,36PW28KO432PBFBCES9XAS8ZZNLEAY,U33,[PLACEHOLDER_VIDEO_STORAGE_LOCATION]/EvhvMgcJ6M8.mp4,EvhvMgcJ6M8,CI1,Catalonia Independence,CNN,3,2,5,5,1,4,,,,
3Y40HMYLM4OG94IYP0AE9YABWIZUXA,36TFCYNS48GDR2A7F39HF3GASEWHXB,U60,[PLACEHOLDER_VIDEO_STORAGE_LOCATION]/z23VDaHcW8k.mp4,z23VDaHcW8k,V2,Vaccination,Grandayy,5,5,5,4,0,4,"The video was a bit tongue-in-cheek and didn't provide much data, although the thimerasol info seemed accurate.",relevant,"video not informative, not accurate",
3NSCTNUR32TNSCKQDPASHE7XWIMA5X,36V4Q8R5ZO6FAJA6KMU2D0SDC8EQMO,U29,[PLACEHOLDER_VIDEO_STORAGE_LOCATION]/7mpxbenv6PA.mp4,7mpxbenv6PA,FT2,Free Trade,Brexit Party MEPs,1,5,1,1,-1,5,The United Kingdom needs to accept responsibility for damage that it has done to itself through Brexit. Conservative United Kingdom politicians act like spoiled selfish children and their country suffers because of their grossly immature mismanagement of the government all in the name of greed.,relevant,personal opinion,
3AA88CN99S9R6D3W0ISEMP8MVVYKY7,36WLNQG783GUUPG4K69T53S5GFZEB5,U2,[PLACEHOLDER_VIDEO_STORAGE_LOCATION]/TsWNc9BusJ4.mp4,TsWNc9BusJ4,FT3,Free Trade,BBC News,4,2,5,4,1,3,,,,
31MBOZ6PBRXPNGK9PQMQ4YTIIB7CLP,36ZN444YTV4QTO7ZKU46W2QWGXQIO4,U52,[PLACEHOLDER_VIDEO_STORAGE_LOCATION]/z23VDaHcW8k.mp4,z23VDaHcW8k,V2,Vaccination,Grandayy,4,3,4,4,1,4,,,,
3PR3LXCWTI5IPCUVRPFND2NXJXPX9M,373ERPL3YSEJZFFQ6YKE44XA2RJRTC,U49,[PLACEHOLDER_VIDEO_STORAGE_LOCATION]/DIFh9aOJeZ0.mp4,DIFh9aOJeZ0,FT1,Free Trade,Daily Mail,2,2,4,4,1,4,,,,
3087LXLJ7PMJTWFXRZQ8EKMXCQOF0U,37M28K1J0UJXMVX4STKO78LR4VGAJE,U12,[PLACEHOLDER_VIDEO_STORAGE_LOCATION]/EZJGDCx5Nas.mp4,EZJGDCx5Nas,CI3,Catalonia Independence,RT,4,3,4,4,1,4,,,,
38RHULDVA1LWBDI8LEPEOC8TSJ9IWV,37TRT2X24UX2552WY7KK2J5XLNUBJM,U48,[PLACEHOLDER_VIDEO_STORAGE_LOCATION]/EZJGDCx5Nas.mp4,EZJGDCx5Nas,CI3,Catalonia Independence,RT,5,3,5,4,1,4,,,,
3SSN80MU9FU268DMVM6C3B1DTP4KX1,37U1UTWH9ZS01VN2309JD81NNZHR8B,U27,[PLACEHOLDER_VIDEO_STORAGE_LOCATION]/N3mWF0Fr7RM.mp4,N3mWF0Fr7RM,V3,Vaccination,Nuclear Family,3,5,1,1,-1,5,,,,
3WYZV0QBGMJ1D59SP9TJ48IN7XSXBW,382M9COHELL9QOPAKXQOATKT6F5UEW,U61,[PLACEHOLDER_VIDEO_STORAGE_LOCATION]/CGYzH8nEZr0.mp4,CGYzH8nEZr0,CI2,Catalonia Independence,BBC News,3,3,3,3,1,4,The video was really one sided so i'm not sure how truthful or accurate the claims were but it was useful in expressing their side of the issue,relevant,One-sided video,One-sided
3WRAAIUSCM5WUV40JVTN9XYHPF7XA1,382M9COHELL9QOPAKXQOATKT6GMUEF,U60,[PLACEHOLDER_VIDEO_STORAGE_LOCATION]/GzvfpyyZO9o.mp4,GzvfpyyZO9o,V1,Vaccination,Vox,5,5,5,5,1,5,,,,
3TRB893CTMG3P7BCNIHZBKWWLJU7GL,382M9COHELL9QOPAKXQOATKT6QEEUB,U33,[PLACEHOLDER_VIDEO_STORAGE_LOCATION]/N3mWF0Fr7RM.mp4,N3mWF0Fr7RM,V3,Vaccination,Nuclear Family,1,4,1,1,-1,5,,,,
3NSCTNUR32TNSCKQDPASHE7XWIMA5X,38F5OAUN5RIJCN4GXQ5JL43MQV37HC,U25,[PLACEHOLDER_VIDEO_STORAGE_LOCATION]/7mpxbenv6PA.mp4,7mpxbenv6PA,FT2,Free Trade,Brexit Party MEPs,3,2,3,3,1,2,I never have discussion on free trade and brexit or the eu so I can not pretend to have any understanding of this topic.,relevant,lack of knowledge,
3IYI9285XV6JSQW9M5ADOJGQEM2CJN,38F71OA9GX2IJUKX66J811OZ55TFM5,U22,[PLACEHOLDER_VIDEO_STORAGE_LOCATION]/DIFh9aOJeZ0.mp4,DIFh9aOJeZ0,FT1,Free Trade,Daily Mail,2,4,3,2,-1,4,,,,
3WRAAIUSCM5WUV40JVTN9XYHPF7XA1,39ASUFLU61D17SJ5P21BU0JX0XBXEG,U49,[PLACEHOLDER_VIDEO_STORAGE_LOCATION]/GzvfpyyZO9o.mp4,GzvfpyyZO9o,V1,Vaccination,Vox,2,2,3,3,1,4,,,,
38RHULDVA1LWBDI8LEPEOC8TSJ9IWV,39ASUFLU61D17SJ5P21BU0JXZIMXEW,U2,[PLACEHOLDER_VIDEO_STORAGE_LOCATION]/EZJGDCx5Nas.mp4,EZJGDCx5Nas,CI3,Catalonia Independence,RT,4,2,4,4,1,4,,,,
3K3G488TS5EFFSR72L7E7EM2ZWMQ5P,39ASUFLU61D17SJ5P21BU0JXZR5EXE,U50,[PLACEHOLDER_VIDEO_STORAGE_LOCATION]/GzvfpyyZO9o.mp4,GzvfpyyZO9o,V1,Vaccination,Vox,3,4,3,3,1,4,I believe children should be vaccinated but not at the rate they are today.,relevant,personal opinion,
3IVKZBIBK3F381QFVRXSRB4TNXKHSH,39GHHAVOMJXIK6HNJSAXU5ZRCLL4JY,U33,[PLACEHOLDER_VIDEO_STORAGE_LOCATION]/TsWNc9BusJ4.mp4,TsWNc9BusJ4,FT3,Free Trade,BBC News,3,3,4,4,1,4,,,,
3K3G488TS5EFFSR72L7E7EM2ZWMQ5P,39GXDJN2OXKSU24JCKETE5QQ8DI8VP,U26,[PLACEHOLDER_VIDEO_STORAGE_LOCATION]/GzvfpyyZO9o.mp4,GzvfpyyZO9o,V1,Vaccination,Vox,5,5,5,5,1,5,This is a good video for taking vaccines seriously and looking at stats from non vaccinations.,relevant,informative video,
36QZ6V159CJ8DNWZVQ4RAQTJG10SUY,39LNWE0K4Y2L6TRWGGGFV8ILXTCUIA,U7,[PLACEHOLDER_VIDEO_STORAGE_LOCATION]/DIFh9aOJeZ0.mp4,DIFh9aOJeZ0,FT1,Free Trade,Daily Mail,1,2,3,2,1,5,,,,
3WYZV0QBGMJ1D59SP9TJ48IN7XSXBW,39LOEL67OWB8IT20SA8NVAY7IYN38W,U1,[PLACEHOLDER_VIDEO_STORAGE_LOCATION]/CGYzH8nEZr0.mp4,CGYzH8nEZr0,CI2,Catalonia Independence,BBC News,3,1,5,5,1,5,I liked the older lady the best.  She had the most convincing argument,relevant,speaker in the video,
3WYZV0QBGMJ1D59SP9TJ48IN7XSXBW,39LOEL67OWB8IT20SA8NVAY7IZU83A,U66,[PLACEHOLDER_VIDEO_STORAGE_LOCATION]/CGYzH8nEZr0.mp4,CGYzH8nEZr0,CI2,Catalonia Independence,BBC News,4,4,4,4,1,4,,,,
36QZ6V159CJ8DNWZVQ4RAQTJG10SUY,39RP059MELZS6D8H14XCIBXEPHPBMQ,U48,[PLACEHOLDER_VIDEO_STORAGE_LOCATION]/DIFh9aOJeZ0.mp4,DIFh9aOJeZ0,FT1,Free Trade,Daily Mail,3,3,5,4,1,4,,,,
3CMIQF80HQWBYWRL74HJZK02VRXQ65,3A1PQ49WVLN511PE8AOAKUC9MJ0H15,U48,[PLACEHOLDER_VIDEO_STORAGE_LOCATION]/7mpxbenv6PA.mp4,7mpxbenv6PA,FT2,Free Trade,Brexit Party MEPs,3,4,3,4,1,3,,,,
3GMLHYZ0MH359988UWWGSCHKYOTUYG,3AAJC4I4FKYYN35C4L0NO1C0D6TJZA,U65,[PLACEHOLDER_VIDEO_STORAGE_LOCATION]/7mpxbenv6PA.mp4,7mpxbenv6PA,FT2,Free Trade,Brexit Party MEPs,3,3,4,4,1,4,I THINK I UNDERSTAND THE SITUATION FROM HIS SPEECH ALONE,relevant,speaker in the video,video presenter
3SSN80MU9FU268DMVM6C3B1DTP4KX1,3B1NLC6UG32UIXD596HI0QI6A1VGPF,U20,[PLACEHOLDER_VIDEO_STORAGE_LOCATION]/N3mWF0Fr7RM.mp4,N3mWF0Fr7RM,V3,Vaccination,Nuclear Family,2,2,3,2,-1,2,"I believe that one can have a reaction to a vaccination, but I have never heard that vaccinations could actually kill anyone.",relevant,personal opinion,
3GMLHYZ0MH359988UWWGSCHKYOTUYG,3BGYGHDBB1Q8BW4S8TLH29GCQMX22N,U28,[PLACEHOLDER_VIDEO_STORAGE_LOCATION]/7mpxbenv6PA.mp4,7mpxbenv6PA,FT2,Free Trade,Brexit Party MEPs,3,4,4,5,1,5,I think everyone has their freedom to choose what they understand is best for them due to their surrounding circumstances.,relevant,personal opinion,
3CMIQF80HQWBYWRL74HJZK02VRXQ65,3BWI6RSP7KF7SDDE7PXD0169XP4E7F,U2,[PLACEHOLDER_VIDEO_STORAGE_LOCATION]/7mpxbenv6PA.mp4,7mpxbenv6PA,FT2,Free Trade,Brexit Party MEPs,3,2,2,3,0,2,,,,
3CMIQF80HQWBYWRL74HJZK02VRXQ65,3BWI6RSP7KF7SDDE7PXD0169XP97ED,U26,[PLACEHOLDER_VIDEO_STORAGE_LOCATION]/7mpxbenv6PA.mp4,7mpxbenv6PA,FT2,Free Trade,Brexit Party MEPs,5,5,5,5,1,5,I think that they should be in agreement with other countries as they did with singapore.,relevant,personal opinion,
3PEG1BH7BHXVT5ALQQEUEEALBODKBU,3C2NJ6JBKEN40ITLUCJ1UXJA1GZN28,U15,[PLACEHOLDER_VIDEO_STORAGE_LOCATION]/TsWNc9BusJ4.mp4,TsWNc9BusJ4,FT3,Free Trade,BBC News,3,5,4,4,1,4,,,,
3IVKZBIBK3F381QFVRXSRB4TNXKHSH,3C2NJ6JBKEN40ITLUCJ1UXJA1RX2N7,U25,[PLACEHOLDER_VIDEO_STORAGE_LOCATION]/TsWNc9BusJ4.mp4,TsWNc9BusJ4,FT3,Free Trade,BBC News,4,4,5,5,1,5,Helps to keep money inside the country. really shows how stuff goes around the world. And starts pandemics,relevant,useful video,
3PMR2DOWPR78QN494O014BLX48Q54H,3C44YUNSI5VR6D3E7GGAU5F9YXOPD0,U10,[PLACEHOLDER_VIDEO_STORAGE_LOCATION]/CGYzH8nEZr0.mp4,CGYzH8nEZr0,CI2,Catalonia Independence,BBC News,3,2,5,5,1,5,,,,
3IKDQS3DRH6NXFC34NPDCI1Q17DCIB,3C6FJU71TUZ7WT61KY2IHWC9O2FUY2,U52,[PLACEHOLDER_VIDEO_STORAGE_LOCATION]/EvhvMgcJ6M8.mp4,EvhvMgcJ6M8,CI1,Catalonia Independence,CNN,3,2,4,4,1,4,,,,
3GMLHYZ0MH359988UWWGSCHKYOTUYG,3CCZ6YKWRBPBAD8EBL2UA3R2G0159I,U59,[PLACEHOLDER_VIDEO_STORAGE_LOCATION]/7mpxbenv6PA.mp4,7mpxbenv6PA,FT2,Free Trade,Brexit Party MEPs,3,4,3,3,1,5,,,,
3IVKZBIBK3F381QFVRXSRB4TNXKHSH,3CFJTT4SXXWJ8IF038N4LG41Q8Q7ID,U22,[PLACEHOLDER_VIDEO_STORAGE_LOCATION]/TsWNc9BusJ4.mp4,TsWNc9BusJ4,FT3,Free Trade,BBC News,4,4,5,5,1,5,,,,
3B6F54KMS5IS4Q51T2U7ZOOM66ZS10,3CFJTT4SXXWJ8IF038N4LG41QYYI7C,U60,[PLACEHOLDER_VIDEO_STORAGE_LOCATION]/EvhvMgcJ6M8.mp4,EvhvMgcJ6M8,CI1,Catalonia Independence,CNN,2,2,4,5,0,3,"I don't understand why they're preventing votes from happening. It seems so extreme. After the other videos I saw about Catalonia, I'm really not sure what to think.",relevant,lack of knowledge,
3DIIW4IV9S1K2BZOB8JVTKP29S7I4B,3CFVK00FWPR2UJ9151FP7IWXCPP6LS,U1,[PLACEHOLDER_VIDEO_STORAGE_LOCATION]/EZJGDCx5Nas.mp4,EZJGDCx5Nas,CI3,Catalonia Independence,RT,3,2,4,4,1,4,none,not relevant,not relevant,
3PR3LXCWTI5IPCUVRPFND2NXJXPX9M,3CP1TO84PX70ATNFQCNF0GJOAVM52N,U61,[PLACEHOLDER_VIDEO_STORAGE_LOCATION]/DIFh9aOJeZ0.mp4,DIFh9aOJeZ0,FT1,Free Trade,Daily Mail,3,5,4,4,1,4,The video was informative. I've heard of brexit before but had no idea the context of it,relevant,"informative video, lack of knowledge",
3Y40HMYLM4OG94IYP0AE9YABWIZUXA,3CPLWGV3MS5F02EKFLYG4KRO7L09NB,U59,[PLACEHOLDER_VIDEO_STORAGE_LOCATION]/z23VDaHcW8k.mp4,z23VDaHcW8k,V2,Vaccination,Grandayy,4,3,5,4,1,5,,,,
3MA5N0ATUFHNH88WLHAQ1SN6KNYKW8,3CTOC39K3BWF3TZ6LQ84XHJ12X57JY,U2,[PLACEHOLDER_VIDEO_STORAGE_LOCATION]/EvhvMgcJ6M8.mp4,EvhvMgcJ6M8,CI1,Catalonia Independence,CNN,3,2,4,4,-1,4,"This wasn't really a video that gave any information, it was only about a riot concerning the Catalonia independence referendum.",relevant,video not informative,
3GMLHYZ0MH359988UWWGSCHKYOTUYG,3D4CH1LGEEZ9QAXYSHLLE0IR6A9G97,U61,[PLACEHOLDER_VIDEO_STORAGE_LOCATION]/7mpxbenv6PA.mp4,7mpxbenv6PA,FT2,Free Trade,Brexit Party MEPs,4,5,4,4,1,4,The video was boring but it was informative,relevant,informative video,
3PMR2DOWPR78QN494O014BLX48Q54H,3D4CH1LGEEZ9QAXYSHLLE0IR6LE9GR,U45,[PLACEHOLDER_VIDEO_STORAGE_LOCATION]/CGYzH8nEZr0.mp4,CGYzH8nEZr0,CI2,Catalonia Independence,BBC News,5,1,5,5,1,5,,,,
3PR3LXCWTI5IPCUVRPFND2NXJXPX9M,3D8YOU6S9IQ5D9WVEF7QY5SGPHRU6L,U15,[PLACEHOLDER_VIDEO_STORAGE_LOCATION]/DIFh9aOJeZ0.mp4,DIFh9aOJeZ0,FT1,Free Trade,Daily Mail,3,3,5,5,1,5,,,,
3MA5N0ATUFHNH88WLHAQ1SN6KNYKW8,3DBQWDE4YA4WZFC8CVLZS4MMKMNN5X,U20,[PLACEHOLDER_VIDEO_STORAGE_LOCATION]/EvhvMgcJ6M8.mp4,EvhvMgcJ6M8,CI1,Catalonia Independence,CNN,2,3,4,4,1,4,"This is excessive force, just to prevent people from voting on a issue.",relevant,personal opinion,
3NSCTNUR32TNSCKQDPASHE7XWIMA5X,3DBQWDE4YA4WZFC8CVLZS4MML1D5N0,U19,[PLACEHOLDER_VIDEO_STORAGE_LOCATION]/7mpxbenv6PA.mp4,7mpxbenv6PA,FT2,Free Trade,Brexit Party MEPs,4,4,4,4,1,4,Singapore is not part of a large trading block. I like that they appear to be a more independent country. Singapore is not apart of the globalization movement. I respect their values. They keep comparing themselves to the UK. I believe Singapore to be a strong country based on what is being said. I agree with everything he is saying.,relevant,speaker in the video and opinion on the topic,
3LN50BUKQYH8H5TDUV8WOYSPHSXPLN,3DHE4R9OC0HYQQCZ78664DAD03B2GB,U49,[PLACEHOLDER_VIDEO_STORAGE_LOCATION]/N3mWF0Fr7RM.mp4,N3mWF0Fr7RM,V3,Vaccination,Nuclear Family,1,2,2,1,-1,5,unnfunny liberal satire,relevant,satirical video,
3WRAAIUSCM5WUV40JVTN9XYHPF7XA1,3DUZQ9U6SQUADMJSQIKYVWQRLF7VSB,U21,[PLACEHOLDER_VIDEO_STORAGE_LOCATION]/GzvfpyyZO9o.mp4,GzvfpyyZO9o,V1,Vaccination,Vox,4,3,4,4,1,4,,,,
3AA88CN99S9R6D3W0ISEMP8MVVYKY7,3DYGAII7PPELVM7JC2MUU4M8GNXQPB,U6,[PLACEHOLDER_VIDEO_STORAGE_LOCATION]/TsWNc9BusJ4.mp4,TsWNc9BusJ4,FT3,Free Trade,BBC News,4,4,5,5,1,5,,,,
3YCT0L9ONPFVIXCQYPS5WV1P857NS1,3DYGAII7PPELVM7JC2MUU4M8GVBPQ4,U58,[PLACEHOLDER_VIDEO_STORAGE_LOCATION]/CGYzH8nEZr0.mp4,CGYzH8nEZr0,CI2,Catalonia Independence,BBC News,3,2,4,5,1,4,,,,
3IKDQS3DRH6NXFC34NPDCI1Q17DCIB,3DYGAII7PPELVM7JC2MUU4M8HC1QPU,U46,[PLACEHOLDER_VIDEO_STORAGE_LOCATION]/EvhvMgcJ6M8.mp4,EvhvMgcJ6M8,CI1,Catalonia Independence,CNN,5,4,5,5,1,5,,,,
3IKDQS3DRH6NXFC34NPDCI1Q17DCIB,3DYGAII7PPELVM7JC2MUU4M8HCDPQ5,U22,[PLACEHOLDER_VIDEO_STORAGE_LOCATION]/EvhvMgcJ6M8.mp4,EvhvMgcJ6M8,CI1,Catalonia Independence,CNN,2,2,5,5,1,5,,,,
3K3G488TS5EFFSR72L7E7EM2ZWMQ5P,3DZQRBDBSPLQ1DH968ESC1Y8TEU3S3,U2,[PLACEHOLDER_VIDEO_STORAGE_LOCATION]/GzvfpyyZO9o.mp4,GzvfpyyZO9o,V1,Vaccination,Vox,5,4,5,5,1,4,,,,
3IKDQS3DRH6NXFC34NPDCI1Q17DCIB,3E1QT0TDFTFN8WKJDDFAZG0W1SXI8C,U25,[PLACEHOLDER_VIDEO_STORAGE_LOCATION]/EvhvMgcJ6M8.mp4,EvhvMgcJ6M8,CI1,Catalonia Independence,CNN,3,4,4,4,1,4,a very situation over voting. I always thought that voting was a democratic right.,relevant,personal opinion,
3Y40HMYLM4OG94IYP0AE9YABWIZUXA,3E47SOBEYU2PKZAWUPVF12WFR8HCIP,U15,[PLACEHOLDER_VIDEO_STORAGE_LOCATION]/z23VDaHcW8k.mp4,z23VDaHcW8k,V2,Vaccination,Grandayy,5,5,3,3,-1,4,,,,
3WYZV0QBGMJ1D59SP9TJ48IN7XSXBW,3E47SOBEYU2PKZAWUPVF12WFRAKIC2,U65,[PLACEHOLDER_VIDEO_STORAGE_LOCATION]/CGYzH8nEZr0.mp4,CGYzH8nEZr0,CI2,Catalonia Independence,BBC News,3,2,4,4,1,4,"VIDEO IS VERY BALANCED, SHOWS BOTH SIDES",relevant,balanced video,balanced
3YCT0L9ONPFVIXCQYPS5WV1P857NS1,3E4GGUZ1TCX3SC8IXZRL252666FK2Q,U53,[PLACEHOLDER_VIDEO_STORAGE_LOCATION]/CGYzH8nEZr0.mp4,CGYzH8nEZr0,CI2,Catalonia Independence,BBC News,3,4,3,3,0,4,The views of the people are interesting. They are their own people and can see that they want to be independent. They have their own ideas and identity.,relevant,personal opinion ,
3YCT0L9ONPFVIXCQYPS5WV1P857NS1,3E7TUJ2EGGS6EQN7QRKD8FFUS4X9D1,U63,[PLACEHOLDER_VIDEO_STORAGE_LOCATION]/CGYzH8nEZr0.mp4,CGYzH8nEZr0,CI2,Catalonia Independence,BBC News,3,1,4,5,1,4,,,,
3WRAAIUSCM5WUV40JVTN9XYHPF7XA1,3EF8EXOTT511S7K4WARVW7SO0Q7J1A,U66,[PLACEHOLDER_VIDEO_STORAGE_LOCATION]/GzvfpyyZO9o.mp4,GzvfpyyZO9o,V1,Vaccination,Vox,5,5,5,5,1,5,,,,
3WRAAIUSCM5WUV40JVTN9XYHPF7XA1,3EF8EXOTT511S7K4WARVW7SO0SMJ1T,U65,[PLACEHOLDER_VIDEO_STORAGE_LOCATION]/GzvfpyyZO9o.mp4,GzvfpyyZO9o,V1,Vaccination,Vox,3,3,4,4,1,4,IT PRESENTS FACTS AND OPINIONS FROM BOTH SIDES,relevant,balanced video,balanced video
3NSCTNUR32TNSCKQDPASHE7XWIMA5X,3EFVCAY5L7FJ374PVV0ABHFWE798J1,U46,[PLACEHOLDER_VIDEO_STORAGE_LOCATION]/7mpxbenv6PA.mp4,7mpxbenv6PA,FT2,Free Trade,Brexit Party MEPs,3,2,3,4,1,4,,,,
38RHULDVA1LWBDI8LEPEOC8TSJ9IWV,3EICBYG6482LFAU2C7GFD3BF38ZCJZ,U13,[PLACEHOLDER_VIDEO_STORAGE_LOCATION]/EZJGDCx5Nas.mp4,EZJGDCx5Nas,CI3,Catalonia Independence,RT,4,2,5,5,1,4,RT tells the truth,relevant,opinion on the video channel,channel
3SSN80MU9FU268DMVM6C3B1DTP4KX1,3EJPLAJKEQMMZ8Q5K26YFX7VQKA6ZV,U47,[PLACEHOLDER_VIDEO_STORAGE_LOCATION]/N3mWF0Fr7RM.mp4,N3mWF0Fr7RM,V3,Vaccination,Nuclear Family,4,5,4,4,1,4,"I think the video was relative funny.  It was relatively informative about vaccines and gun violence.  However, I worry some people may not be able to the video as sarcastic.",relevant,"informative video, satirical video",parody
3087LXLJ7PMJTWFXRZQ8EKMXCQOF0U,3EJPLAJKEQMMZ8Q5K26YFX7VRA16Z3,U43,[PLACEHOLDER_VIDEO_STORAGE_LOCATION]/EZJGDCx5Nas.mp4,EZJGDCx5Nas,CI3,Catalonia Independence,RT,3,2,3,3,0,4,RT is a Russian-sponsored propaganda channel.,relevant,opinion on the video channel,channel
3PMR2DOWPR78QN494O014BLX48Q54H,3EO896NRA0121RWDYTB52DBJSKZJT6,U14,[PLACEHOLDER_VIDEO_STORAGE_LOCATION]/CGYzH8nEZr0.mp4,CGYzH8nEZr0,CI2,Catalonia Independence,BBC News,3,2,5,5,1,5,,,,
3087LXLJ7PMJTWFXRZQ8EKMXCQOF0U,3EQHHY4HQWYQPNVMPR842KDPKPR5GS,U55,[PLACEHOLDER_VIDEO_STORAGE_LOCATION]/EZJGDCx5Nas.mp4,EZJGDCx5Nas,CI3,Catalonia Independence,RT,4,2,4,5,1,4,"The video seems accurate, informative, and generally unbiased.",relevant,informative video,
3MA5N0ATUFHNH88WLHAQ1SN6KNYKW8,3ERET4BTVQFESWTHI860CSAKCGXK9Y,U63,[PLACEHOLDER_VIDEO_STORAGE_LOCATION]/EvhvMgcJ6M8.mp4,EvhvMgcJ6M8,CI1,Catalonia Independence,CNN,3,2,5,5,-1,3,,,,
3B6F54KMS5IS4Q51T2U7ZOOM66ZS10,3ERMJ6L4D2Y5415RONLWD9BI7637M0,U66,[PLACEHOLDER_VIDEO_STORAGE_LOCATION]/EvhvMgcJ6M8.mp4,EvhvMgcJ6M8,CI1,Catalonia Independence,CNN,4,4,4,4,1,4,,,,
3GVPRXWRQK0HLYH7D6H2WW9C0WM7ID,3F6KKYWMNF7R3SR1R13IQGAEYIBNDQ,U55,[PLACEHOLDER_VIDEO_STORAGE_LOCATION]/GzvfpyyZO9o.mp4,GzvfpyyZO9o,V1,Vaccination,Vox,5,4,5,5,1,5,"The video is informative and useful, providing a lot of good and accurate information in an easy to understand way with helpful visuals.",relevant,informative video,informative
3IKDQS3DRH6NXFC34NPDCI1Q17DCIB,3F6KKYWMNF7R3SR1R13IQGAEYIHDNM,U14,[PLACEHOLDER_VIDEO_STORAGE_LOCATION]/EvhvMgcJ6M8.mp4,EvhvMgcJ6M8,CI1,Catalonia Independence,CNN,3,3,5,5,1,5,these videos are starting to make me curious about what is happening is spain.,relevant,"personal opinion, interesting videos",
3AA88CN99S9R6D3W0ISEMP8MVVYKY7,3FDJT1UU78EVR9R5FITJ0C5IQG6K5R,U68,[PLACEHOLDER_VIDEO_STORAGE_LOCATION]/TsWNc9BusJ4.mp4,TsWNc9BusJ4,FT3,Free Trade,BBC News,3,3,4,3,1,4,It seems that if Africa can work this out it would be very good for the people that live there.,relevant,personal opinion,
3MA5N0ATUFHNH88WLHAQ1SN6KNYKW8,3FDJT1UU78EVR9R5FITJ0C5IQGBK5W,U13,[PLACEHOLDER_VIDEO_STORAGE_LOCATION]/EvhvMgcJ6M8.mp4,EvhvMgcJ6M8,CI1,Catalonia Independence,CNN,2,2,4,4,1,4,They broke the window for no reason. Catalonia should be free.,relevant,personal opinion,
36QZ6V159CJ8DNWZVQ4RAQTJG10SUY,3FDJT1UU78EVR9R5FITJ0C5IQRK5KC,U20,[PLACEHOLDER_VIDEO_STORAGE_LOCATION]/DIFh9aOJeZ0.mp4,DIFh9aOJeZ0,FT1,Free Trade,Daily Mail,2,2,3,3,-1,2,I am not a supporter of Free Trade. I feel that it can do more harm than good.,relevant,opinion on the topic,
3K3G488TS5EFFSR72L7E7EM2ZWMQ5P,3FE2ERCCZ1EIAAU3XPUQ5ZR81NYPON,U5,[PLACEHOLDER_VIDEO_STORAGE_LOCATION]/GzvfpyyZO9o.mp4,GzvfpyyZO9o,V1,Vaccination,Vox,4,2,4,4,1,4,"I'm in favor of vaccination for the most part, but there are some subsets of the topic that I would like to be better informed about.",relevant,opinion on the topic,
3K3G488TS5EFFSR72L7E7EM2ZWMQ5P,3FE2ERCCZ1EIAAU3XPUQ5ZR81UTPOW,U58,[PLACEHOLDER_VIDEO_STORAGE_LOCATION]/GzvfpyyZO9o.mp4,GzvfpyyZO9o,V1,Vaccination,Vox,4,5,4,4,1,4,none,not relevant,not relevant,
3HA5ODM5LDY8Q2LZ0GEW6CV2U89SVN,3FE7TXL1LMTP3F6DA4BIYREF5C72Q0,U53,[PLACEHOLDER_VIDEO_STORAGE_LOCATION]/z23VDaHcW8k.mp4,z23VDaHcW8k,V2,Vaccination,Grandayy,3,3,2,1,-1,4,I don't know if I can take this video seriously since the images on the video were memes and Youtube celebs.,relevant,alignment on the video,
3GVPRXWRQK0HLYH7D6H2WW9C0WM7ID,3FIUS151DZ8O5KK66NRV6H4EAY8GGO,U52,[PLACEHOLDER_VIDEO_STORAGE_LOCATION]/GzvfpyyZO9o.mp4,GzvfpyyZO9o,V1,Vaccination,Vox,4,3,4,4,1,4,,,,
3NSCTNUR32TNSCKQDPASHE7XWIMA5X,3FPRZHYEP2D6T5YD03JXNOIFT8U3VV,U14,[PLACEHOLDER_VIDEO_STORAGE_LOCATION]/7mpxbenv6PA.mp4,7mpxbenv6PA,FT2,Free Trade,Brexit Party MEPs,3,3,4,4,1,4,,,,
38RHULDVA1LWBDI8LEPEOC8TSJ9IWV,3FQ5JJ512PUZHYXBJIP5UT54HALNKH,U42,[PLACEHOLDER_VIDEO_STORAGE_LOCATION]/EZJGDCx5Nas.mp4,EZJGDCx5Nas,CI3,Catalonia Independence,RT,3,1,5,5,1,5,I learned enough from the video to form an opinion on the topic.,relevant,informative video,
3IYI9285XV6JSQW9M5ADOJGQEM2CJN,3FTOP5WARJU1LIZM0RNVI29EV980JH,U10,[PLACEHOLDER_VIDEO_STORAGE_LOCATION]/DIFh9aOJeZ0.mp4,DIFh9aOJeZ0,FT1,Free Trade,Daily Mail,2,2,2,2,0,2,,,,
3WYZV0QBGMJ1D59SP9TJ48IN7XSXBW,3G0WWMR1UZQLS1V6WN92QFHDHNTQN7,U49,[PLACEHOLDER_VIDEO_STORAGE_LOCATION]/CGYzH8nEZr0.mp4,CGYzH8nEZr0,CI2,Catalonia Independence,BBC News,4,1,4,4,1,4,,,,
3MA5N0ATUFHNH88WLHAQ1SN6KNYKW8,3G5F9DBFOT3LND5CFO8ZRIJPBN3VH4,U48,[PLACEHOLDER_VIDEO_STORAGE_LOCATION]/EvhvMgcJ6M8.mp4,EvhvMgcJ6M8,CI1,Catalonia Independence,CNN,3,3,5,4,1,4,,,,
3AA88CN99S9R6D3W0ISEMP8MVVYKY7,3G5W44VEUBOT76GPWECA49W7GPKKG9,U48,[PLACEHOLDER_VIDEO_STORAGE_LOCATION]/TsWNc9BusJ4.mp4,TsWNc9BusJ4,FT3,Free Trade,BBC News,3,5,2,3,-1,2,,,,
3AA88CN99S9R6D3W0ISEMP8MVVYKY7,3G5W44VEUBOT76GPWECA49W7GQEGK1,U47,[PLACEHOLDER_VIDEO_STORAGE_LOCATION]/TsWNc9BusJ4.mp4,TsWNc9BusJ4,FT3,Free Trade,BBC News,4,4,5,5,1,5,The video was very informative about a topic I did not know a lot about.,relevant,"lack of knowledge, informative video","informative, no knowledge"
3IYI9285XV6JSQW9M5ADOJGQEM2CJN,3GD6L00D3W3RTFQPZ74NCZK54WLM1O,U37,[PLACEHOLDER_VIDEO_STORAGE_LOCATION]/DIFh9aOJeZ0.mp4,DIFh9aOJeZ0,FT1,Free Trade,Daily Mail,1,4,2,1,-1,4,I wouldn't have watched this whole video. I would have kept looking.,relevant,"alignment on the video, video not interesting",
3CMIQF80HQWBYWRL74HJZK02VRXQ65,3GDTJDAPVYH94FAAYSD2R97DHC3M83,U63,[PLACEHOLDER_VIDEO_STORAGE_LOCATION]/7mpxbenv6PA.mp4,7mpxbenv6PA,FT2,Free Trade,Brexit Party MEPs,4,4,4,4,1,5,,,,
3PEG1BH7BHXVT5ALQQEUEEALBODKBU,3GDTJDAPVYH94FAAYSD2R97DIQIM8B,U60,[PLACEHOLDER_VIDEO_STORAGE_LOCATION]/TsWNc9BusJ4.mp4,TsWNc9BusJ4,FT3,Free Trade,BBC News,4,4,4,5,1,5,,,,
3DIIW4IV9S1K2BZOB8JVTKP29S7I4B,3GFK2QRXXDNMM9LM4WCMONZDE3W5WM,U15,[PLACEHOLDER_VIDEO_STORAGE_LOCATION]/EZJGDCx5Nas.mp4,EZJGDCx5Nas,CI3,Catalonia Independence,RT,3,3,5,5,1,5,,,,
3PEG1BH7BHXVT5ALQQEUEEALBODKBU,3H7XDTSHKGXK26A6LSVDSKQ24AWWGD,U1,[PLACEHOLDER_VIDEO_STORAGE_LOCATION]/TsWNc9BusJ4.mp4,TsWNc9BusJ4,FT3,Free Trade,BBC News,5,3,5,5,1,5,I think this would be a good thing,relevant,personal opinion,
3IYI9285XV6JSQW9M5ADOJGQEM2CJN,3H7XDTSHKGXK26A6LSVDSKQ24M3GWS,U33,[PLACEHOLDER_VIDEO_STORAGE_LOCATION]/DIFh9aOJeZ0.mp4,DIFh9aOJeZ0,FT1,Free Trade,Daily Mail,2,2,2,2,1,3,,,,
3GVPRXWRQK0HLYH7D6H2WW9C0WM7ID,3H7Z272LXBDA4PR6KXEYDINE76ILP4,U22,[PLACEHOLDER_VIDEO_STORAGE_LOCATION]/GzvfpyyZO9o.mp4,GzvfpyyZO9o,V1,Vaccination,Vox,4,5,4,4,1,5,,,,
3IKDQS3DRH6NXFC34NPDCI1Q17DCIB,3HMIGG0U4PC9YWZOHV1DL4UKRBI8YV,U39,[PLACEHOLDER_VIDEO_STORAGE_LOCATION]/EvhvMgcJ6M8.mp4,EvhvMgcJ6M8,CI1,Catalonia Independence,CNN,3,2,4,4,1,4,I don't know anything about Catalonian independence. So I learned a little bit.,relevant,"lack of knowledge, informative video",learning video
3B6F54KMS5IS4Q51T2U7ZOOM66ZS10,3HMVI3QICNYRNWF3IASY6U7CDVOY1T,U65,[PLACEHOLDER_VIDEO_STORAGE_LOCATION]/EvhvMgcJ6M8.mp4,EvhvMgcJ6M8,CI1,Catalonia Independence,CNN,3,2,4,4,0,4,DONT UNDERSTAND THE ENTIRE SITUATION,relevant,lack of knowledge,
3DIIW4IV9S1K2BZOB8JVTKP29S7I4B,3HRMW88U1AWRMQ573O0NYU1VZSWM0E,U24,[PLACEHOLDER_VIDEO_STORAGE_LOCATION]/EZJGDCx5Nas.mp4,EZJGDCx5Nas,CI3,Catalonia Independence,RT,2,1,4,4,1,4,RT has a pro russian stance on a lot its reports. That doesnt mean this clip should be ignored but if its a discussion to be fair and informed you will want to seek other sources,relevant,opinion on the video channel,channel
3WRAAIUSCM5WUV40JVTN9XYHPF7XA1,3HWRJOOET98TBBX6VSVOVS25LJMSEI,U28,[PLACEHOLDER_VIDEO_STORAGE_LOCATION]/GzvfpyyZO9o.mp4,GzvfpyyZO9o,V1,Vaccination,Vox,3,4,4,5,1,4,This is very interesting information that would help people make a decision towards vaccines.,relevant,informative video,
3NSCTNUR32TNSCKQDPASHE7XWIMA5X,3HWRJOOET98TBBX6VSVOVS25LTKESM,U52,[PLACEHOLDER_VIDEO_STORAGE_LOCATION]/7mpxbenv6PA.mp4,7mpxbenv6PA,FT2,Free Trade,Brexit Party MEPs,5,3,4,4,1,4,,,,
3IYI9285XV6JSQW9M5ADOJGQEM2CJN,3I0BTBYZA1RRG7ULMROYSPO28D60Y0,U23,[PLACEHOLDER_VIDEO_STORAGE_LOCATION]/DIFh9aOJeZ0.mp4,DIFh9aOJeZ0,FT1,Free Trade,Daily Mail,3,4,4,4,1,4,She is reasonable and articulate. She is persuasive in her role as compromiser.  I trust her statements.,relevant,speaker in the video,speaker in the video
3WYZV0QBGMJ1D59SP9TJ48IN7XSXBW,3I33IC7ZWJ8XGZZWL8EW8RZA290A2B,U60,[PLACEHOLDER_VIDEO_STORAGE_LOCATION]/CGYzH8nEZr0.mp4,CGYzH8nEZr0,CI2,Catalonia Independence,BBC News,3,1,4,4,0,4,"It doesn't affect me one way or another how these people want to live or have their borders or politics. It was interesting, however!",relevant,personal opinion,
3PEG1BH7BHXVT5ALQQEUEEALBODKBU,3IAEQB9FMIQHQM0FJ2U5MZN5RKIDWQ,U28,[PLACEHOLDER_VIDEO_STORAGE_LOCATION]/TsWNc9BusJ4.mp4,TsWNc9BusJ4,FT3,Free Trade,BBC News,4,5,5,5,1,5,This sounds like a good idea even if not all are sold in this negotiation.,relevant,personal opinion,
3SSN80MU9FU268DMVM6C3B1DTP4KX1,3IHR8NYAMB7E6HKLE5FHR1L3KUI4P8,U48,[PLACEHOLDER_VIDEO_STORAGE_LOCATION]/N3mWF0Fr7RM.mp4,N3mWF0Fr7RM,V3,Vaccination,Nuclear Family,1,3,1,1,-1,5,,,,
3LN50BUKQYH8H5TDUV8WOYSPHSXPLN,3IKZ72A5B8MO1C5XI7Y8EGDZAL9FNR,U15,[PLACEHOLDER_VIDEO_STORAGE_LOCATION]/N3mWF0Fr7RM.mp4,N3mWF0Fr7RM,V3,Vaccination,Nuclear Family,1,5,1,1,-1,5,,,,
3AA88CN99S9R6D3W0ISEMP8MVVYKY7,3IUZPWIU1SDP4S6PBJGSQCIVAFRWK5,U27,[PLACEHOLDER_VIDEO_STORAGE_LOCATION]/TsWNc9BusJ4.mp4,TsWNc9BusJ4,FT3,Free Trade,BBC News,3,4,3,3,-1,4,,,,
3B6F54KMS5IS4Q51T2U7ZOOM66ZS10,3IX2EGZR7FPPLCJLU46A2YA14P1RJG,U28,[PLACEHOLDER_VIDEO_STORAGE_LOCATION]/EvhvMgcJ6M8.mp4,EvhvMgcJ6M8,CI1,Catalonia Independence,CNN,3,4,5,5,1,4,These videos surprise me most times because I can't believe people would do these acts for any reason.,relevant,"personal opinion, surprizing video",
3NSCTNUR32TNSCKQDPASHE7XWIMA5X,3IXEICO796PQDWH6EAHGT96E6EI6TQ,U33,[PLACEHOLDER_VIDEO_STORAGE_LOCATION]/7mpxbenv6PA.mp4,7mpxbenv6PA,FT2,Free Trade,Brexit Party MEPs,2,3,2,2,1,3,,,,
3AA88CN99S9R6D3W0ISEMP8MVVYKY7,3J88R45B2K454J8VYGHMOCI1DR7XP4,U5,[PLACEHOLDER_VIDEO_STORAGE_LOCATION]/TsWNc9BusJ4.mp4,TsWNc9BusJ4,FT3,Free Trade,BBC News,4,4,4,5,1,4,,,,
3WRAAIUSCM5WUV40JVTN9XYHPF7XA1,3JMSRU9HQM0933EAPN0T6FMCKNZEVS,U31,[PLACEHOLDER_VIDEO_STORAGE_LOCATION]/GzvfpyyZO9o.mp4,GzvfpyyZO9o,V1,Vaccination,Vox,5,5,5,5,1,5,,,,
3GMLHYZ0MH359988UWWGSCHKYOTUYG,3K5TEWLKGZHLJ8GWL6QKRUK4CFYIVV,U60,[PLACEHOLDER_VIDEO_STORAGE_LOCATION]/7mpxbenv6PA.mp4,7mpxbenv6PA,FT2,Free Trade,Brexit Party MEPs,4,4,4,4,1,4,,,,
3DIIW4IV9S1K2BZOB8JVTKP29S7I4B,3K772S5NPCH4L2JQKYJPREV3C9OEH4,U65,[PLACEHOLDER_VIDEO_STORAGE_LOCATION]/EZJGDCx5Nas.mp4,EZJGDCx5Nas,CI3,Catalonia Independence,RT,3,3,4,4,1,4,VIDEO SHOWS THE MAJORITY OPINION OF CATALONIANS. DESCRIBES THEIR DESIRE TO BE INDEPENDENT AND REASONS WHY.,relevant,One-sided video,
3SSN80MU9FU268DMVM6C3B1DTP4KX1,3K9FOBBF2LPA14FT4I169TIJ61JNLV,U13,[PLACEHOLDER_VIDEO_STORAGE_LOCATION]/N3mWF0Fr7RM.mp4,N3mWF0Fr7RM,V3,Vaccination,Nuclear Family,1,5,1,1,-1,5,Bad unfunny propaganda by big-vax liberals,relevant,propaganda,
3IYI9285XV6JSQW9M5ADOJGQEM2CJN,3K9FOBBF2LPA14FT4I169TIJ7ROLNF,U43,[PLACEHOLDER_VIDEO_STORAGE_LOCATION]/DIFh9aOJeZ0.mp4,DIFh9aOJeZ0,FT1,Free Trade,Daily Mail,2,4,2,2,-1,4,Brexiter politicians are known to be liars and scoundrels.,relevant,personal opinion,
3PMR2DOWPR78QN494O014BLX48Q54H,3KB8R4ZV1IDSE3CVQ1ZH56DHULDBGZ,U46,[PLACEHOLDER_VIDEO_STORAGE_LOCATION]/CGYzH8nEZr0.mp4,CGYzH8nEZr0,CI2,Catalonia Independence,BBC News,4,3,4,4,1,5,,,,
31MBOZ6PBRXPNGK9PQMQ4YTIIB7CLP,3KIBXJ1WD90HZJXNKXPI9I5981KKOM,U33,[PLACEHOLDER_VIDEO_STORAGE_LOCATION]/z23VDaHcW8k.mp4,z23VDaHcW8k,V2,Vaccination,Grandayy,5,4,5,5,1,5,,,,
3DIIW4IV9S1K2BZOB8JVTKP29S7I4B,3KIBXJ1WD90HZJXNKXPI9I598PFKOT,U59,[PLACEHOLDER_VIDEO_STORAGE_LOCATION]/EZJGDCx5Nas.mp4,EZJGDCx5Nas,CI3,Catalonia Independence,RT,3,1,5,5,1,4,,,,
3DIIW4IV9S1K2BZOB8JVTKP29S7I4B,3KIBXJ1WD90HZJXNKXPI9I598RWKOE,U60,[PLACEHOLDER_VIDEO_STORAGE_LOCATION]/EZJGDCx5Nas.mp4,EZJGDCx5Nas,CI3,Catalonia Independence,RT,3,2,4,5,1,4,"I don't have strong beliefs about this, but if these people want to make their own government and feel so strongly about it, perhaps they should be allowed it. This is now the second video I've seen about this, so the more I see, the more opinions I form.",relevant,"opinion on the topic, personal opinion",
3TRB893CTMG3P7BCNIHZBKWWLJU7GL,3KMS4QQVK6WNT6KULU6SMOWVG27KFI,U58,[PLACEHOLDER_VIDEO_STORAGE_LOCATION]/N3mWF0Fr7RM.mp4,N3mWF0Fr7RM,V3,Vaccination,Nuclear Family,4,4,3,3,0,3,,,,
3087LXLJ7PMJTWFXRZQ8EKMXCQOF0U,3KWTYT087496BF9N0I5KFCIXG6M5L7,U22,[PLACEHOLDER_VIDEO_STORAGE_LOCATION]/EZJGDCx5Nas.mp4,EZJGDCx5Nas,CI3,Catalonia Independence,RT,4,2,4,4,1,5,,,,
38RHULDVA1LWBDI8LEPEOC8TSJ9IWV,3KYQYYSHYZD9LDRDSG3V55AJN3GODR,U63,[PLACEHOLDER_VIDEO_STORAGE_LOCATION]/EZJGDCx5Nas.mp4,EZJGDCx5Nas,CI3,Catalonia Independence,RT,2,1,4,3,-1,4,,,,
3IVKZBIBK3F381QFVRXSRB4TNXKHSH,3L0KT67Y8IMRHGEXVT7I2VUL35PYSL,U43,[PLACEHOLDER_VIDEO_STORAGE_LOCATION]/TsWNc9BusJ4.mp4,TsWNc9BusJ4,FT3,Free Trade,BBC News,3,4,4,4,1,4,seemed balanced and informative,relevant,informative and balanced video,balanced
3B6F54KMS5IS4Q51T2U7ZOOM66ZS10,3L4D84MIL3YCWI5IYZUGOU8VHE3JH7,U1,[PLACEHOLDER_VIDEO_STORAGE_LOCATION]/EvhvMgcJ6M8.mp4,EvhvMgcJ6M8,CI1,Catalonia Independence,CNN,3,3,4,4,1,4,I thought it was interesting but didn't really give enough information,relevant,video not informative enough,not informative enough
3B6F54KMS5IS4Q51T2U7ZOOM66ZS10,3L4PIM1GQXMFG1EKG47DCLPPHR2RYY,U59,[PLACEHOLDER_VIDEO_STORAGE_LOCATION]/EvhvMgcJ6M8.mp4,EvhvMgcJ6M8,CI1,Catalonia Independence,CNN,3,1,4,4,1,4,,,,
3IVKZBIBK3F381QFVRXSRB4TNXKHSH,3LBXNTKX0V1KCWSOHRLP2MIM9B79XG,U55,[PLACEHOLDER_VIDEO_STORAGE_LOCATION]/TsWNc9BusJ4.mp4,TsWNc9BusJ4,FT3,Free Trade,BBC News,3,3,5,5,1,4,The video appears credible and accurate. It summarizes key information and is useful for informing oneself on the topic.,relevant,"informative, credible, accurate video",informative
3IVKZBIBK3F381QFVRXSRB4TNXKHSH,3LBXNTKX0V1KCWSOHRLP2MIM9BB9XK,U14,[PLACEHOLDER_VIDEO_STORAGE_LOCATION]/TsWNc9BusJ4.mp4,TsWNc9BusJ4,FT3,Free Trade,BBC News,3,2,5,5,1,4,,,,
3TRB893CTMG3P7BCNIHZBKWWLJU7GL,3LEIZ60CDN59HRS3I99AZ7YXHB59ZD,U52,[PLACEHOLDER_VIDEO_STORAGE_LOCATION]/N3mWF0Fr7RM.mp4,N3mWF0Fr7RM,V3,Vaccination,Nuclear Family,2,3,2,2,-1,4,,,,
3WRAAIUSCM5WUV40JVTN9XYHPF7XA1,3LOTDFNYAB5EO6EBA8PVAZQQ3VSFWT,U35,[PLACEHOLDER_VIDEO_STORAGE_LOCATION]/GzvfpyyZO9o.mp4,GzvfpyyZO9o,V1,Vaccination,Vox,5,5,5,5,1,4,,,,
3PEG1BH7BHXVT5ALQQEUEEALBODKBU,3LOZAJ85YHJ9CC7PWI6ASZA83U2X2V,U66,[PLACEHOLDER_VIDEO_STORAGE_LOCATION]/TsWNc9BusJ4.mp4,TsWNc9BusJ4,FT3,Free Trade,BBC News,4,3,4,4,1,4,,,,
31MBOZ6PBRXPNGK9PQMQ4YTIIB7CLP,3LRKMWOKB9NYH774X0UVPKQJB5X2ZG,U43,[PLACEHOLDER_VIDEO_STORAGE_LOCATION]/z23VDaHcW8k.mp4,z23VDaHcW8k,V2,Vaccination,Grandayy,4,4,4,4,1,4,"The images used as humor seemed unnecessary, but the overall message was solid.",relevant,"informative video, parody",
3087LXLJ7PMJTWFXRZQ8EKMXCQOF0U,3LS2AMNW5JW3AMVIX29F54HI77COQI,U51,[PLACEHOLDER_VIDEO_STORAGE_LOCATION]/EZJGDCx5Nas.mp4,EZJGDCx5Nas,CI3,Catalonia Independence,RT,3,3,3,3,-1,3,when a reporter has to shout to be heard above the crowd it increases the perception that the crowd is saying something important even if they are not,relevant,opinion on the video,
3LN50BUKQYH8H5TDUV8WOYSPHSXPLN,3LUY3GC6336BP424G3DOUD5DCACP7A,U59,[PLACEHOLDER_VIDEO_STORAGE_LOCATION]/N3mWF0Fr7RM.mp4,N3mWF0Fr7RM,V3,Vaccination,Nuclear Family,2,3,3,2,-1,4,,,,
3IYI9285XV6JSQW9M5ADOJGQEM2CJN,3LYA37P8IUTXGP8EGSKW3Y5A12ZBK7,U14,[PLACEHOLDER_VIDEO_STORAGE_LOCATION]/DIFh9aOJeZ0.mp4,DIFh9aOJeZ0,FT1,Free Trade,Daily Mail,3,2,3,4,1,3,,,,
3CMIQF80HQWBYWRL74HJZK02VRXQ65,3M1CVSFP64BE8I1HNJ4X49XDH08AQO,U47,[PLACEHOLDER_VIDEO_STORAGE_LOCATION]/7mpxbenv6PA.mp4,7mpxbenv6PA,FT2,Free Trade,Brexit Party MEPs,2,4,4,4,1,4,"I think the video is informative and factualy accurate in its comparison between the Singapore/EU trade deal and the Britian/EU brexit deal.  However, there are significant and major differences between the deals and counties involved.  Also, it was not professional or helpful to insult the other politician that disagree with his point.",relevant,informative and factual video,factual and informative
3GMLHYZ0MH359988UWWGSCHKYOTUYG,3M1CVSFP64BE8I1HNJ4X49XDIFDQA4,U15,[PLACEHOLDER_VIDEO_STORAGE_LOCATION]/7mpxbenv6PA.mp4,7mpxbenv6PA,FT2,Free Trade,Brexit Party MEPs,5,5,4,4,1,5,,,,
3PMR2DOWPR78QN494O014BLX48Q54H,3M23Y66PO6DPYW4RPACQJ4AS4V46S1,U33,[PLACEHOLDER_VIDEO_STORAGE_LOCATION]/CGYzH8nEZr0.mp4,CGYzH8nEZr0,CI2,Catalonia Independence,BBC News,4,2,4,4,1,4,,,,
31MBOZ6PBRXPNGK9PQMQ4YTIIB7CLP,3M23Y66PO6DPYW4RPACQJ4AS4V7S6Q,U22,[PLACEHOLDER_VIDEO_STORAGE_LOCATION]/z23VDaHcW8k.mp4,z23VDaHcW8k,V2,Vaccination,Grandayy,5,5,4,3,1,5,,,,
3SSN80MU9FU268DMVM6C3B1DTP4KX1,3M68NM076LDDXH4EALCLTU5WH3D6RO,U53,[PLACEHOLDER_VIDEO_STORAGE_LOCATION]/N3mWF0Fr7RM.mp4,N3mWF0Fr7RM,V3,Vaccination,Nuclear Family,2,4,1,1,-1,4,The video has an interesting video and an interesting idea. It lacks some information and doesn't really get the point across but was still fun to watch.,relevant,"video not informative enough, satirical video",
38RHULDVA1LWBDI8LEPEOC8TSJ9IWV,3MAOD8E57UG51YWII14UKND6DAKNX8,U53,[PLACEHOLDER_VIDEO_STORAGE_LOCATION]/EZJGDCx5Nas.mp4,EZJGDCx5Nas,CI3,Catalonia Independence,RT,4,4,4,4,1,4,"I think the idea of being an indepent for Catalans is interesting. If they are economically able to survive, then I see no reason why they shouldn't be able to do that.",relevant,personal opinion,
3K3G488TS5EFFSR72L7E7EM2ZWMQ5P,3MH9DQ7570I7A2L1QSGCAW55IQNUG5,U17,[PLACEHOLDER_VIDEO_STORAGE_LOCATION]/GzvfpyyZO9o.mp4,GzvfpyyZO9o,V1,Vaccination,Vox,5,5,5,5,1,5,here are a lot of ill informed Americans out there and anti-vaxxers are the top of the list. There not only threatening their own kids but many others. Vaccinations should be required. PERIOD,relevant,"personal opinion, opinion on the topic",
3GVPRXWRQK0HLYH7D6H2WW9C0WM7ID,3N8OEVH1FVW0PAI2IPHBGZMIS6ROO7,U43,[PLACEHOLDER_VIDEO_STORAGE_LOCATION]/GzvfpyyZO9o.mp4,GzvfpyyZO9o,V1,Vaccination,Vox,5,5,5,5,1,5,very concise yet thorough explanation of the need for vaccines.,relevant,informative video,
3IVKZBIBK3F381QFVRXSRB4TNXKHSH,3ND9UOO81O80OYO7WJST5CVA03ILWW,U11,[PLACEHOLDER_VIDEO_STORAGE_LOCATION]/TsWNc9BusJ4.mp4,TsWNc9BusJ4,FT3,Free Trade,BBC News,3,2,4,4,0,2,none,not relevant,not relevant,
3087LXLJ7PMJTWFXRZQ8EKMXCQOF0U,3ND9UOO81O80OYO7WJST5CVA03MLW0,U14,[PLACEHOLDER_VIDEO_STORAGE_LOCATION]/EZJGDCx5Nas.mp4,EZJGDCx5Nas,CI3,Catalonia Independence,RT,3,2,5,5,1,4,,,,
3MA5N0ATUFHNH88WLHAQ1SN6KNYKW8,3NGI5ARFTXBXEIN2RNWFT3E08AAP1I,U7,[PLACEHOLDER_VIDEO_STORAGE_LOCATION]/EvhvMgcJ6M8.mp4,EvhvMgcJ6M8,CI1,Catalonia Independence,CNN,3,1,5,5,-1,5,,,,
3PR3LXCWTI5IPCUVRPFND2NXJXPX9M,3NL0RFNU0JTDVQN51DA9VKZ4RZJK4P,U66,[PLACEHOLDER_VIDEO_STORAGE_LOCATION]/DIFh9aOJeZ0.mp4,DIFh9aOJeZ0,FT1,Free Trade,Daily Mail,4,3,4,4,1,4,,,,
3HA5ODM5LDY8Q2LZ0GEW6CV2U89SVN,3NPFYT4IZGAZR6FWVXRZU349CZ2GXZ,U63,[PLACEHOLDER_VIDEO_STORAGE_LOCATION]/z23VDaHcW8k.mp4,z23VDaHcW8k,V2,Vaccination,Grandayy,5,4,5,5,1,5,,,,
3GMLHYZ0MH359988UWWGSCHKYOTUYG,3O6CYIULEH737OB15XKUWZRTDI8UW8,U1,[PLACEHOLDER_VIDEO_STORAGE_LOCATION]/7mpxbenv6PA.mp4,7mpxbenv6PA,FT2,Free Trade,Brexit Party MEPs,3,2,4,4,1,4,I liked the speaker,relevant,speaker in the video,speaker
3IYI9285XV6JSQW9M5ADOJGQEM2CJN,3O6CYIULEH737OB15XKUWZRTDV1UWR,U62,[PLACEHOLDER_VIDEO_STORAGE_LOCATION]/DIFh9aOJeZ0.mp4,DIFh9aOJeZ0,FT1,Free Trade,Daily Mail,4,4,4,4,1,4,I trust this because it seems to be an actual news video,relevant,trustworthy video,
3WRAAIUSCM5WUV40JVTN9XYHPF7XA1,3OE22WJIGMUYNRFFTOLO4A97PHWUQ9,U1,[PLACEHOLDER_VIDEO_STORAGE_LOCATION]/GzvfpyyZO9o.mp4,GzvfpyyZO9o,V1,Vaccination,Vox,4,4,4,4,1,5,none,not relevant,not relevant,
3K3G488TS5EFFSR72L7E7EM2ZWMQ5P,3OJSZ2ATDW27WUKLWO4AW70WKW6576,U7,[PLACEHOLDER_VIDEO_STORAGE_LOCATION]/GzvfpyyZO9o.mp4,GzvfpyyZO9o,V1,Vaccination,Vox,5,4,5,5,1,5,,,,
36QZ6V159CJ8DNWZVQ4RAQTJG10SUY,3OJSZ2ATDW27WUKLWO4AW70WKW7759,U2,[PLACEHOLDER_VIDEO_STORAGE_LOCATION]/DIFh9aOJeZ0.mp4,DIFh9aOJeZ0,FT1,Free Trade,Daily Mail,3,2,4,4,1,3,,,,
3LN50BUKQYH8H5TDUV8WOYSPHSXPLN,3OLF68YTND7HHTB893T3SATZBDQFAL,U62,[PLACEHOLDER_VIDEO_STORAGE_LOCATION]/N3mWF0Fr7RM.mp4,N3mWF0Fr7RM,V3,Vaccination,Nuclear Family,3,4,2,2,-1,5,This is an obvious parody video.,relevant,satirical video,
3CMIQF80HQWBYWRL74HJZK02VRXQ65,3OLQQLKKNWV0C8EG8YMA3RBIOVIEJM,U20,[PLACEHOLDER_VIDEO_STORAGE_LOCATION]/7mpxbenv6PA.mp4,7mpxbenv6PA,FT2,Free Trade,Brexit Party MEPs,2,3,3,3,-1,2,I really could not comprehend what this man was even talking about.,relevant,lack of knowledge,
3GVPRXWRQK0HLYH7D6H2WW9C0WM7ID,3ON104KXQO24QQHMQRTCJVTZEHP4WO,U25,[PLACEHOLDER_VIDEO_STORAGE_LOCATION]/GzvfpyyZO9o.mp4,GzvfpyyZO9o,V1,Vaccination,Vox,5,5,5,5,1,5,With the outbreak of Covid-19 this really is eye opening.,relevant,personal opinion,
3IYI9285XV6JSQW9M5ADOJGQEM2CJN,3OS46CRSLJ55QOLVJ5HVURUZ3Z4V61,U25,[PLACEHOLDER_VIDEO_STORAGE_LOCATION]/DIFh9aOJeZ0.mp4,DIFh9aOJeZ0,FT1,Free Trade,Daily Mail,4,2,4,4,1,4,I have no opinion on this subject.,relevant,opinion on the topic,opinion on the topic
3K3G488TS5EFFSR72L7E7EM2ZWMQ5P,3OSWBBLG1I3WFM55T7QROI1CZ8PDXR,U20,[PLACEHOLDER_VIDEO_STORAGE_LOCATION]/GzvfpyyZO9o.mp4,GzvfpyyZO9o,V1,Vaccination,Vox,3,2,3,4,1,4,"According to this video there are risks in getting vaccinated, but the benefits outweigh the risks.",relevant,reflection on video,
3HA5ODM5LDY8Q2LZ0GEW6CV2U89SVN,3OUYGIZWRB4X7T2KV4SFFYVQ3KLP00,U5,[PLACEHOLDER_VIDEO_STORAGE_LOCATION]/z23VDaHcW8k.mp4,z23VDaHcW8k,V2,Vaccination,Grandayy,4,2,3,3,1,2,The video offers some information that could be researched which is a valuable thing.,relevant,informative video,
31MBOZ6PBRXPNGK9PQMQ4YTIIB7CLP,3P529IW9K2RYDC2C6UIT1O9A50RLFX,U46,[PLACEHOLDER_VIDEO_STORAGE_LOCATION]/z23VDaHcW8k.mp4,z23VDaHcW8k,V2,Vaccination,Grandayy,3,4,3,4,1,5,"After reading that the Polio vaccine caused cancer, I am skeptical of vaccines.",relevant,personal opinion,
36QZ6V159CJ8DNWZVQ4RAQTJG10SUY,3PIWWX1FJNC8NO08MZX107OATS4JJG,U13,[PLACEHOLDER_VIDEO_STORAGE_LOCATION]/DIFh9aOJeZ0.mp4,DIFh9aOJeZ0,FT1,Free Trade,Daily Mail,2,4,2,2,-1,4,She failed,relevant,speaker in the video,
3AA88CN99S9R6D3W0ISEMP8MVVYKY7,3PJUZCGDJAMUXVRG9J9XMN1THMK98X,U56,[PLACEHOLDER_VIDEO_STORAGE_LOCATION]/TsWNc9BusJ4.mp4,TsWNc9BusJ4,FT3,Free Trade,BBC News,4,2,4,5,1,4,Thanks!,not relevant,not relevant,
3WYZV0QBGMJ1D59SP9TJ48IN7XSXBW,3PPTZCWALUQF9Q9PZBKWL2OMR04ZQY,U52,[PLACEHOLDER_VIDEO_STORAGE_LOCATION]/CGYzH8nEZr0.mp4,CGYzH8nEZr0,CI2,Catalonia Independence,BBC News,4,2,5,5,1,5,,,,
3WRAAIUSCM5WUV40JVTN9XYHPF7XA1,3PPTZCWALUQF9Q9PZBKWL2OMRZDZQ5,U59,[PLACEHOLDER_VIDEO_STORAGE_LOCATION]/GzvfpyyZO9o.mp4,GzvfpyyZO9o,V1,Vaccination,Vox,5,3,5,5,1,4,,,,
3DIIW4IV9S1K2BZOB8JVTKP29S7I4B,3PW9OPU9PUQ1MBMWPPL3XQ67YFK124,U66,[PLACEHOLDER_VIDEO_STORAGE_LOCATION]/EZJGDCx5Nas.mp4,EZJGDCx5Nas,CI3,Catalonia Independence,RT,5,4,4,4,1,4,,,,
3TRB893CTMG3P7BCNIHZBKWWLJU7GL,3PW9OPU9PUQ1MBMWPPL3XQ67YQH12N,U43,[PLACEHOLDER_VIDEO_STORAGE_LOCATION]/N3mWF0Fr7RM.mp4,N3mWF0Fr7RM,V3,Vaccination,Nuclear Family,1,5,1,1,-1,5,Obviously satire and a bit over-the-top. But if it works to counter the ridiculous claims of anti-vaxxers then go with it.,relevant,satirical video,parody
3PR3LXCWTI5IPCUVRPFND2NXJXPX9M,3PXX5PX6L14R4CZS41779K2EWGGABI,U60,[PLACEHOLDER_VIDEO_STORAGE_LOCATION]/DIFh9aOJeZ0.mp4,DIFh9aOJeZ0,FT1,Free Trade,Daily Mail,4,4,4,5,1,4,,,,
3Y40HMYLM4OG94IYP0AE9YABWIZUXA,3PZDLQMM0XRL9EWU5MANEMPY2DMC2I,U65,[PLACEHOLDER_VIDEO_STORAGE_LOCATION]/z23VDaHcW8k.mp4,z23VDaHcW8k,V2,Vaccination,Grandayy,3,3,4,4,1,4,I HAVE QUESTIONS ABOUT SOME VACCINES. DONT THINK THAT ALL VACCINES ARE NECESSARY. FOR EXAMPLE GARDISIL AND THE HEPATITIS VACCINE GIVEN TO ONE DAY OLD BABIES,relevant,personal opinion,
3DIIW4IV9S1K2BZOB8JVTKP29S7I4B,3PZDLQMM0XRL9EWU5MANEMPY2ES2CG,U21,[PLACEHOLDER_VIDEO_STORAGE_LOCATION]/EZJGDCx5Nas.mp4,EZJGDCx5Nas,CI3,Catalonia Independence,RT,3,1,4,4,0,3,,,,
3K3G488TS5EFFSR72L7E7EM2ZWMQ5P,3Q5C1WP23Q7TL85J78N1VX9JHA5518,U10,[PLACEHOLDER_VIDEO_STORAGE_LOCATION]/GzvfpyyZO9o.mp4,GzvfpyyZO9o,V1,Vaccination,Vox,5,5,5,5,1,5,,,,
3PEG1BH7BHXVT5ALQQEUEEALBODKBU,3QAPZX2QN8J1FM1ET6H3JLNXTNB02X,U57,[PLACEHOLDER_VIDEO_STORAGE_LOCATION]/TsWNc9BusJ4.mp4,TsWNc9BusJ4,FT3,Free Trade,BBC News,3,2,4,5,0,4,,,,
3NSCTNUR32TNSCKQDPASHE7XWIMA5X,3QHK8ZVMIQO80VQW1SWXIYIPQ26BLC,U34,[PLACEHOLDER_VIDEO_STORAGE_LOCATION]/7mpxbenv6PA.mp4,7mpxbenv6PA,FT2,Free Trade,Brexit Party MEPs,3,3,2,1,1,4,,,,
31MBOZ6PBRXPNGK9PQMQ4YTIIB7CLP,3QHK8ZVMIQO80VQW1SWXIYIPQ28LBO,U44,[PLACEHOLDER_VIDEO_STORAGE_LOCATION]/z23VDaHcW8k.mp4,z23VDaHcW8k,V2,Vaccination,Grandayy,5,5,5,5,1,4,"As an ER/Trauma RN, I deal with morons every day that say vaccines are bad because of something they read on FB or IG. People need to listen to healthcare professionals and scientists! Not a bleach-blonde old Playboy bunny who has no degree in anything.",relevant,"personal opinion, opinion on the topic",
3WRAAIUSCM5WUV40JVTN9XYHPF7XA1,3QY5DC2MXVQ1W2P6F8AUSB5TIG8FUN,U61,[PLACEHOLDER_VIDEO_STORAGE_LOCATION]/GzvfpyyZO9o.mp4,GzvfpyyZO9o,V1,Vaccination,Vox,4,5,5,5,1,4,i thought the video was informative,relevant,informative video,informative
3HA5ODM5LDY8Q2LZ0GEW6CV2U89SVN,3R08VXYT7G119DZ5SPRJM7D94TE7WT,U7,[PLACEHOLDER_VIDEO_STORAGE_LOCATION]/z23VDaHcW8k.mp4,z23VDaHcW8k,V2,Vaccination,Grandayy,5,3,5,5,1,5,that was bizarre,relevant,satirical video,
3PEG1BH7BHXVT5ALQQEUEEALBODKBU,3R0T90IZ1WIBO84141VCGQJZCW4GCI,U49,[PLACEHOLDER_VIDEO_STORAGE_LOCATION]/TsWNc9BusJ4.mp4,TsWNc9BusJ4,FT3,Free Trade,BBC News,2,1,4,5,1,4,,,,
3WRAAIUSCM5WUV40JVTN9XYHPF7XA1,3R2PKQ87N0E2TLMN7EPT4Y1RLNPMIN,U15,[PLACEHOLDER_VIDEO_STORAGE_LOCATION]/GzvfpyyZO9o.mp4,GzvfpyyZO9o,V1,Vaccination,Vox,5,5,4,4,1,4,,,,
3PMR2DOWPR78QN494O014BLX48Q54H,3R3YRB5GRJ960B8Y4SO2EAU2LBGUAW,U22,[PLACEHOLDER_VIDEO_STORAGE_LOCATION]/CGYzH8nEZr0.mp4,CGYzH8nEZr0,CI2,Catalonia Independence,BBC News,4,2,5,5,1,5,,,,
3SSN80MU9FU268DMVM6C3B1DTP4KX1,3R6BYFZZPBITD6J1KDLHCI4XBR4FXF,U36,[PLACEHOLDER_VIDEO_STORAGE_LOCATION]/N3mWF0Fr7RM.mp4,N3mWF0Fr7RM,V3,Vaccination,Nuclear Family,1,1,1,1,1,1,This is selfish.  So not vaccinate your children and they will infect others.  So wrong.  Bad acting.,relevant,personal opinion,
3LN50BUKQYH8H5TDUV8WOYSPHSXPLN,3R6BYFZZPBITD6J1KDLHCI4XCY4XFC,U66,[PLACEHOLDER_VIDEO_STORAGE_LOCATION]/N3mWF0Fr7RM.mp4,N3mWF0Fr7RM,V3,Vaccination,Nuclear Family,2,5,2,2,-1,5,,,,
38RHULDVA1LWBDI8LEPEOC8TSJ9IWV,3RKNTXVS3Q47JDEJPMXK16W8LAYA4I,U27,[PLACEHOLDER_VIDEO_STORAGE_LOCATION]/EZJGDCx5Nas.mp4,EZJGDCx5Nas,CI3,Catalonia Independence,RT,3,2,3,4,1,3,,,,
3Y40HMYLM4OG94IYP0AE9YABWIZUXA,3RKNTXVS3Q47JDEJPMXK16W8MQ94AK,U8,[PLACEHOLDER_VIDEO_STORAGE_LOCATION]/z23VDaHcW8k.mp4,z23VDaHcW8k,V2,Vaccination,Grandayy,5,5,5,5,1,5,my only issue with this is when he talks about a kid with autism acting out something from fortnite. That seems a little judgmental and possibly harmful as far as how people view autism. I believe this video does give a lot of really good information especially about the additive and what it's really in because that is even with people who do vaccinate their children that is the thing that comes up the most.,relevant,informative video,
3B6F54KMS5IS4Q51T2U7ZOOM66ZS10,3RRCEFRB7QIC2NJBV0XGWHGE46W4BD,U49,[PLACEHOLDER_VIDEO_STORAGE_LOCATION]/EvhvMgcJ6M8.mp4,EvhvMgcJ6M8,CI1,Catalonia Independence,CNN,3,2,3,3,-1,4,Video lacks context and doesn't really supply any information about Catalonia indepedence,relevant,"video lacks context, video not informative",no context provided
3PMR2DOWPR78QN494O014BLX48Q54H,3RU7GD8VPSZX82MW46BZP419Z0OPSK,U12,[PLACEHOLDER_VIDEO_STORAGE_LOCATION]/CGYzH8nEZr0.mp4,CGYzH8nEZr0,CI2,Catalonia Independence,BBC News,2,2,2,2,-1,4,,,,
3TRB893CTMG3P7BCNIHZBKWWLJU7GL,3RU7GD8VPSZX82MW46BZP419Z0YPSU,U22,[PLACEHOLDER_VIDEO_STORAGE_LOCATION]/N3mWF0Fr7RM.mp4,N3mWF0Fr7RM,V3,Vaccination,Nuclear Family,1,5,1,2,-1,4,,,,
3SSN80MU9FU268DMVM6C3B1DTP4KX1,3RWE2M8QWLGX48Q7FPFNB9QV33ZN0D,U7,[PLACEHOLDER_VIDEO_STORAGE_LOCATION]/N3mWF0Fr7RM.mp4,N3mWF0Fr7RM,V3,Vaccination,Nuclear Family,5,3,5,5,1,5,,,,
3IYI9285XV6JSQW9M5ADOJGQEM2CJN,3RXCAC0YIVV9C5EONPF7E4NGMFS8GX,U46,[PLACEHOLDER_VIDEO_STORAGE_LOCATION]/DIFh9aOJeZ0.mp4,DIFh9aOJeZ0,FT1,Free Trade,Daily Mail,5,4,4,5,1,5,,,,
3YCT0L9ONPFVIXCQYPS5WV1P857NS1,3RYC5T2D77ZL7NMJPHBUZUWDC85RPH,U48,[PLACEHOLDER_VIDEO_STORAGE_LOCATION]/CGYzH8nEZr0.mp4,CGYzH8nEZr0,CI2,Catalonia Independence,BBC News,3,3,2,3,-1,2,,,,
3B6F54KMS5IS4Q51T2U7ZOOM66ZS10,3S06PH7KSVAOPLKCME5KT9XBV8TD1D,U21,[PLACEHOLDER_VIDEO_STORAGE_LOCATION]/EvhvMgcJ6M8.mp4,EvhvMgcJ6M8,CI1,Catalonia Independence,CNN,3,1,4,4,0,2,,,,
3LN50BUKQYH8H5TDUV8WOYSPHSXPLN,3S0TNUHWKXO60L4XLZEZ8JKJ9COD8I,U60,[PLACEHOLDER_VIDEO_STORAGE_LOCATION]/N3mWF0Fr7RM.mp4,N3mWF0Fr7RM,V3,Vaccination,Nuclear Family,1,5,1,1,-1,5,That video was like an SNL skit.,relevant,satirical video,
3NSCTNUR32TNSCKQDPASHE7XWIMA5X,3S3AMIZX3YB8COUA2BU4A5G2ZEBDCC,U10,[PLACEHOLDER_VIDEO_STORAGE_LOCATION]/7mpxbenv6PA.mp4,7mpxbenv6PA,FT2,Free Trade,Brexit Party MEPs,3,2,4,4,1,4,,,,
3IYI9285XV6JSQW9M5ADOJGQEM2CJN,3S96KQ6I9QAPY5WLOXPUZFG6N0YDTI,U55,[PLACEHOLDER_VIDEO_STORAGE_LOCATION]/DIFh9aOJeZ0.mp4,DIFh9aOJeZ0,FT1,Free Trade,Daily Mail,2,3,3,2,-1,4,"The interview questions are fair, but the majority of information given is the opinion of one party, who is not neutral or unbiased, so it is not a balanced or comprehensive source for forming an informed opinion on the topic.",relevant,One-sided information,One-sided information
3AA88CN99S9R6D3W0ISEMP8MVVYKY7,3SB4CE2TJZ1YHF2T9XZPYHT6E3LXAY,U53,[PLACEHOLDER_VIDEO_STORAGE_LOCATION]/TsWNc9BusJ4.mp4,TsWNc9BusJ4,FT3,Free Trade,BBC News,3,3,4,4,-1,2,AFTCA would be great for the counties and would help them boost their jobs/economy.,relevant,personal opinion,
3CMIQF80HQWBYWRL74HJZK02VRXQ65,3SB4CE2TJZ1YHF2T9XZPYHT6E3UXA7,U13,[PLACEHOLDER_VIDEO_STORAGE_LOCATION]/7mpxbenv6PA.mp4,7mpxbenv6PA,FT2,Free Trade,Brexit Party MEPs,3,4,4,3,-1,2,His point is unclear because he is so mad,relevant,speaker in the video,
3CMIQF80HQWBYWRL74HJZK02VRXQ65,3SEPORI8WR5NMA28AFNAV29HM52AZV,U5,[PLACEHOLDER_VIDEO_STORAGE_LOCATION]/7mpxbenv6PA.mp4,7mpxbenv6PA,FT2,Free Trade,Brexit Party MEPs,3,3,3,3,1,2,"I'm not familiar with the EFDD group and I'm not sure whether you want workers to look up outside information before making a decision, so I didn't look anything up.  My opinion would probably be different if I knew who this guy was and who he speaking for.",relevant,lack of knowledge,
3LN50BUKQYH8H5TDUV8WOYSPHSXPLN,3SKRO2GZ75XW3RQMEVR7XMS1FHP1KD,U65,[PLACEHOLDER_VIDEO_STORAGE_LOCATION]/N3mWF0Fr7RM.mp4,N3mWF0Fr7RM,V3,Vaccination,Nuclear Family,3,3,3,3,-1,4,SARCASM DOESNT REALLY GIVE FACTS THAT PEOPLE CAN EVALUATE RATIONALLY,relevant,satirical video,
31MBOZ6PBRXPNGK9PQMQ4YTIIB7CLP,3SLE99ER0RJS5K70GTN6QDTN5BEBZV,U25,[PLACEHOLDER_VIDEO_STORAGE_LOCATION]/z23VDaHcW8k.mp4,z23VDaHcW8k,V2,Vaccination,Grandayy,4,5,4,5,1,5,,,,
3HA5ODM5LDY8Q2LZ0GEW6CV2U89SVN,3SNLUL3WO8TNWUZ21JDSNOADEX7LUG,U26,[PLACEHOLDER_VIDEO_STORAGE_LOCATION]/z23VDaHcW8k.mp4,z23VDaHcW8k,V2,Vaccination,Grandayy,5,5,5,5,1,5,Vaccines save more lives than the disease kills,relevant,opinion on the topic,
3PMR2DOWPR78QN494O014BLX48Q54H,3SNLUL3WO8TNWUZ21JDSNOADFNCULB,U25,[PLACEHOLDER_VIDEO_STORAGE_LOCATION]/CGYzH8nEZr0.mp4,CGYzH8nEZr0,CI2,Catalonia Independence,BBC News,3,2,4,4,1,4,"I feel for the people, they are very divided, I hope it does not lead back to war.",relevant,personal opinion,
3YCT0L9ONPFVIXCQYPS5WV1P857NS1,3SUWZRL0M2JOODZ9OFSLUN6D2G2E62,U27,[PLACEHOLDER_VIDEO_STORAGE_LOCATION]/CGYzH8nEZr0.mp4,CGYzH8nEZr0,CI2,Catalonia Independence,BBC News,3,2,3,4,1,4,,,,
3Y40HMYLM4OG94IYP0AE9YABWIZUXA,3SUWZRL0M2JOODZ9OFSLUN6D3UK6E5,U49,[PLACEHOLDER_VIDEO_STORAGE_LOCATION]/z23VDaHcW8k.mp4,z23VDaHcW8k,V2,Vaccination,Grandayy,2,2,4,4,1,4,,,,
3Y40HMYLM4OG94IYP0AE9YABWIZUXA,3T3IWE1XGATJNE0QTJVEZEN566BQT6,U21,[PLACEHOLDER_VIDEO_STORAGE_LOCATION]/z23VDaHcW8k.mp4,z23VDaHcW8k,V2,Vaccination,Grandayy,4,3,4,4,1,4,,,,
3PMR2DOWPR78QN494O014BLX48Q54H,3TDXMTX3CF004I1VKYICF245VXUI6D,U55,[PLACEHOLDER_VIDEO_STORAGE_LOCATION]/CGYzH8nEZr0.mp4,CGYzH8nEZr0,CI2,Catalonia Independence,BBC News,3,2,4,4,1,3,"The video may be slightly biased, since it is primarily interviewing involved parties who are opinionated, but overall it seems fair and informative about how citizens there feel on the issue.",relevant,"One-sided video, biased",
3AA88CN99S9R6D3W0ISEMP8MVVYKY7,3TEM0PF1Q93OIWZUQV1KF4E1P1AD02,U20,[PLACEHOLDER_VIDEO_STORAGE_LOCATION]/TsWNc9BusJ4.mp4,TsWNc9BusJ4,FT3,Free Trade,BBC News,2,4,3,3,1,3,"I am not really supportive of Free Trade, based on what I have seen in other countries.",relevant,opinion on the topic,
3LN50BUKQYH8H5TDUV8WOYSPHSXPLN,3TEM0PF1Q93OIWZUQV1KF4E1QF4D0P,U28,[PLACEHOLDER_VIDEO_STORAGE_LOCATION]/N3mWF0Fr7RM.mp4,N3mWF0Fr7RM,V3,Vaccination,Nuclear Family,3,4,4,3,1,4,"The video seems very emotional but it does explain very clear about the central idea of vaccines and guns, etc..",relevant,"informative video, emotional video",
3K3G488TS5EFFSR72L7E7EM2ZWMQ5P,3TGOYF9911SQFKMWAX5TEB6WRO7UUQ,U47,[PLACEHOLDER_VIDEO_STORAGE_LOCATION]/GzvfpyyZO9o.mp4,GzvfpyyZO9o,V1,Vaccination,Vox,5,5,5,5,1,5,I think the video does a good job of providing a history of vaccines and the opposition to the vaccines.  It has shows the importance of getting people vaccinated.,relevant,informative video,good video
3Y40HMYLM4OG94IYP0AE9YABWIZUXA,3TMFV4NEPCK59R4O2UJP0794GTHW8Z,U28,[PLACEHOLDER_VIDEO_STORAGE_LOCATION]/z23VDaHcW8k.mp4,z23VDaHcW8k,V2,Vaccination,Grandayy,3,4,3,3,1,4,This is a very conflicting discussion because not all people think that vaccines are useful and safe.,relevant,personal opinion,
3WYZV0QBGMJ1D59SP9TJ48IN7XSXBW,3TOK3KHVJXOT44Q313095D0N28Y7OZ,U21,[PLACEHOLDER_VIDEO_STORAGE_LOCATION]/CGYzH8nEZr0.mp4,CGYzH8nEZr0,CI2,Catalonia Independence,BBC News,3,1,4,5,1,4,,,,
38RHULDVA1LWBDI8LEPEOC8TSJ9IWV,3TUI152ZZFTIEUOHR0B4T84AD6WQ1A,U67,[PLACEHOLDER_VIDEO_STORAGE_LOCATION]/EZJGDCx5Nas.mp4,EZJGDCx5Nas,CI3,Catalonia Independence,RT,2,2,5,5,1,5,they are just doing it because of money reasons. They probably don't want to pay their fair share,relevant,personal opinion,
3IVKZBIBK3F381QFVRXSRB4TNXKHSH,3TVSS0C0E56O7BWC5SUKR35RUG7WTD,U52,[PLACEHOLDER_VIDEO_STORAGE_LOCATION]/TsWNc9BusJ4.mp4,TsWNc9BusJ4,FT3,Free Trade,BBC News,3,2,4,4,1,4,,,,
36QZ6V159CJ8DNWZVQ4RAQTJG10SUY,3TXMY6UCAIU21XYF7X0OA4N1H3MQCZ,U53,[PLACEHOLDER_VIDEO_STORAGE_LOCATION]/DIFh9aOJeZ0.mp4,DIFh9aOJeZ0,FT1,Free Trade,Daily Mail,3,3,3,3,0,2,It seems that Brexit is allowing freedoms to UE and common people. The conversation seems open and their communication is really well as well.,relevant,personal opinion,
3CMIQF80HQWBYWRL74HJZK02VRXQ65,3U0SRXB7CHBL42A692Y2V5RICT1NRE,U53,[PLACEHOLDER_VIDEO_STORAGE_LOCATION]/7mpxbenv6PA.mp4,7mpxbenv6PA,FT2,Free Trade,Brexit Party MEPs,2,3,3,3,0,3,There was a lot of information about Singapore and trade agreements or lack thereof. The idea of Brexit and Singapore is interesting.,relevant,informative video,
3PR3LXCWTI5IPCUVRPFND2NXJXPX9M,3U0SRXB7CHBL42A692Y2V5RID95RNJ,U28,[PLACEHOLDER_VIDEO_STORAGE_LOCATION]/DIFh9aOJeZ0.mp4,DIFh9aOJeZ0,FT1,Free Trade,Daily Mail,4,5,5,5,1,4,A very interesting video filled with lots of positive news for the people that are involved on this agreement.,relevant,interesting video,
36QZ6V159CJ8DNWZVQ4RAQTJG10SUY,3U4J9857OIH9LA1UXYVNZT0OUUG7B1,U5,[PLACEHOLDER_VIDEO_STORAGE_LOCATION]/DIFh9aOJeZ0.mp4,DIFh9aOJeZ0,FT1,Free Trade,Daily Mail,4,4,4,4,1,4,,,,
3CMIQF80HQWBYWRL74HJZK02VRXQ65,3U8YCDAGXTMI753ZVH74F3L08G50Q0,U27,[PLACEHOLDER_VIDEO_STORAGE_LOCATION]/7mpxbenv6PA.mp4,7mpxbenv6PA,FT2,Free Trade,Brexit Party MEPs,3,4,3,3,1,4,,,,
3IYI9285XV6JSQW9M5ADOJGQEM2CJN,3U8YCDAGXTMI753ZVH74F3L094W0Q4,U52,[PLACEHOLDER_VIDEO_STORAGE_LOCATION]/DIFh9aOJeZ0.mp4,DIFh9aOJeZ0,FT1,Free Trade,Daily Mail,3,4,4,4,1,4,,,,
3NSCTNUR32TNSCKQDPASHE7XWIMA5X,3UN61F00H0VHED40522G1ORWMY45RQ,U43,[PLACEHOLDER_VIDEO_STORAGE_LOCATION]/7mpxbenv6PA.mp4,7mpxbenv6PA,FT2,Free Trade,Brexit Party MEPs,2,4,3,3,0,3,Brexiter politicians are known to be liars and scoundrels.,relevant,personal opinion,
38RHULDVA1LWBDI8LEPEOC8TSJ9IWV,3UOUJI6MTHKIWOGRF2GGYI50LEJUXT,U41,[PLACEHOLDER_VIDEO_STORAGE_LOCATION]/EZJGDCx5Nas.mp4,EZJGDCx5Nas,CI3,Catalonia Independence,RT,3,3,4,4,1,4,,,,
3HA5ODM5LDY8Q2LZ0GEW6CV2U89SVN,3URFVVM169O71JG6GK41V3LBT7CUZ7,U18,[PLACEHOLDER_VIDEO_STORAGE_LOCATION]/z23VDaHcW8k.mp4,z23VDaHcW8k,V2,Vaccination,Grandayy,4,4,4,4,1,4,none,not relevant,not relevant,
3PR3LXCWTI5IPCUVRPFND2NXJXPX9M,3UWN2HHPU2BX5HAJORY7LFWEZ9QNS1,U1,[PLACEHOLDER_VIDEO_STORAGE_LOCATION]/DIFh9aOJeZ0.mp4,DIFh9aOJeZ0,FT1,Free Trade,Daily Mail,3,4,4,4,1,4,I thought she was very convincing,relevant,"speaker, convincing speaker",convincing
3SSN80MU9FU268DMVM6C3B1DTP4KX1,3V26SBZTBHKONIAGM739CV0QVS5ZZL,U63,[PLACEHOLDER_VIDEO_STORAGE_LOCATION]/N3mWF0Fr7RM.mp4,N3mWF0Fr7RM,V3,Vaccination,Nuclear Family,2,4,2,2,-1,4,,,,
3IKDQS3DRH6NXFC34NPDCI1Q17DCIB,3V5Q80FXI1XXWE0BCTZMLJL4WAW32I,U55,[PLACEHOLDER_VIDEO_STORAGE_LOCATION]/EvhvMgcJ6M8.mp4,EvhvMgcJ6M8,CI1,Catalonia Independence,CNN,3,2,5,4,-1,4,"The video appears accurate and fair, but is not comprehensive or complete enough to form an informed opinion on the topic - it is mostly covering one isolated event.",relevant,video not informative enough,
3087LXLJ7PMJTWFXRZQ8EKMXCQOF0U,3VA45EW49RTFTIB1CNJ0439AZVJO1M,U10,[PLACEHOLDER_VIDEO_STORAGE_LOCATION]/EZJGDCx5Nas.mp4,EZJGDCx5Nas,CI3,Catalonia Independence,RT,4,2,4,5,1,4,,,,
3HA5ODM5LDY8Q2LZ0GEW6CV2U89SVN,3VFJCI1K435FUATKMYL75LILBJWRGV,U27,[PLACEHOLDER_VIDEO_STORAGE_LOCATION]/z23VDaHcW8k.mp4,z23VDaHcW8k,V2,Vaccination,Grandayy,3,5,3,3,1,4,this one feels like it could go either way. it sometimes feels serious and other times tongue in cheek humor and comes across as pro anti vaxxer,relevant,"alignment on the video, parody",
3AA88CN99S9R6D3W0ISEMP8MVVYKY7,3VHHR074H7NLYJN6OBKHDWWT6M8L7C,U3,[PLACEHOLDER_VIDEO_STORAGE_LOCATION]/TsWNc9BusJ4.mp4,TsWNc9BusJ4,FT3,Free Trade,BBC News,3,4,4,4,1,4,I HOPE MY COLLEAGUE HAS A POSITIVE OPINION OF  FREE TRADE OR WE MAY END UP ARGUING AND THUS RUIN THE DINNER,relevant,opinion on the topic,
3YCT0L9ONPFVIXCQYPS5WV1P857NS1,3VJ40NV2QMTG22NAE63AA9S5QQBTOO,U20,[PLACEHOLDER_VIDEO_STORAGE_LOCATION]/CGYzH8nEZr0.mp4,CGYzH8nEZr0,CI2,Catalonia Independence,BBC News,2,1,3,3,-1,2,I have never heard of this topic before and this video was quite confusing.,relevant,"lack of knowledge, confusing video",confusing video
3AA88CN99S9R6D3W0ISEMP8MVVYKY7,3VJ40NV2QMTG22NAE63AA9S5QSDOTP,U63,[PLACEHOLDER_VIDEO_STORAGE_LOCATION]/TsWNc9BusJ4.mp4,TsWNc9BusJ4,FT3,Free Trade,BBC News,3,2,4,4,1,4,,,,
3Y40HMYLM4OG94IYP0AE9YABWIZUXA,3VZLGYJEYPGZINA1LPFOFAKFO20XZ0,U1,[PLACEHOLDER_VIDEO_STORAGE_LOCATION]/z23VDaHcW8k.mp4,z23VDaHcW8k,V2,Vaccination,Grandayy,5,5,5,5,1,5,Andrew Wakefield is an idiot,relevant,"personal opinion, speaker in the video",
3IKDQS3DRH6NXFC34NPDCI1Q17DCIB,3W2LOLRXLFLKWWP3CP6M3DAEJO5RK3,U43,[PLACEHOLDER_VIDEO_STORAGE_LOCATION]/EvhvMgcJ6M8.mp4,EvhvMgcJ6M8,CI1,Catalonia Independence,CNN,3,3,3,3,0,3,It's just CNN being CNN. They need ratings.,relevant,opinion on the video channel,channel
3HA5ODM5LDY8Q2LZ0GEW6CV2U89SVN,3W8CV64QJ65NQ6S9CN33Z0USKVOH9E,U48,[PLACEHOLDER_VIDEO_STORAGE_LOCATION]/z23VDaHcW8k.mp4,z23VDaHcW8k,V2,Vaccination,Grandayy,1,4,3,3,-1,2,,,,
3YCT0L9ONPFVIXCQYPS5WV1P857NS1,3W8CV64QJ65NQ6S9CN33Z0USKX39HP,U5,[PLACEHOLDER_VIDEO_STORAGE_LOCATION]/CGYzH8nEZr0.mp4,CGYzH8nEZr0,CI2,Catalonia Independence,BBC News,3,1,4,4,1,4,,,,
3Y40HMYLM4OG94IYP0AE9YABWIZUXA,3WAKVUDHU0MOH9A0XPCI4JSCKS57UR,U66,[PLACEHOLDER_VIDEO_STORAGE_LOCATION]/z23VDaHcW8k.mp4,z23VDaHcW8k,V2,Vaccination,Grandayy,5,5,5,5,1,5,,,,
3TRB893CTMG3P7BCNIHZBKWWLJU7GL,3WLEIWSYHSNCQM7AREOOPDMEFFE2HO,U55,[PLACEHOLDER_VIDEO_STORAGE_LOCATION]/N3mWF0Fr7RM.mp4,N3mWF0Fr7RM,V3,Vaccination,Nuclear Family,4,4,4,3,-1,3,"The video is supposed to be humorous / satire, so while I ultimately I believe the message is good and accurate, but it could be slightly confusing for some, and is not the best, most balanced and straightforward source of information on this topic.",relevant,"satirical video, informative video",informative
3SSN80MU9FU268DMVM6C3B1DTP4KX1,3WQ3B2KGECMVAOMS8IEEYJ9BR6R1B5,U2,[PLACEHOLDER_VIDEO_STORAGE_LOCATION]/N3mWF0Fr7RM.mp4,N3mWF0Fr7RM,V3,Vaccination,Nuclear Family,5,4,5,4,1,4,"None, thank you!",not relevant,not relevant,
36QZ6V159CJ8DNWZVQ4RAQTJG10SUY,3WR9XG3T67HP0BGLIJL0RFUIK7I74O,U26,[PLACEHOLDER_VIDEO_STORAGE_LOCATION]/DIFh9aOJeZ0.mp4,DIFh9aOJeZ0,FT1,Free Trade,Daily Mail,2,4,3,4,-1,5,Free trade should always be a decision for individual counties.,relevant,personal opinion,
3087LXLJ7PMJTWFXRZQ8EKMXCQOF0U,3WR9XG3T67HP0BGLIJL0RFUILQI74R,U25,[PLACEHOLDER_VIDEO_STORAGE_LOCATION]/EZJGDCx5Nas.mp4,EZJGDCx5Nas,CI3,Catalonia Independence,RT,4,4,4,4,1,4,I feel that this is like Upstate NY wanted to be a separate state from NYC.  I agree with their plight.,relevant,personal opinion,
3YCT0L9ONPFVIXCQYPS5WV1P857NS1,3WS1NTTKE2ILGGDQH1WA34HM1CG0FM,U7,[PLACEHOLDER_VIDEO_STORAGE_LOCATION]/CGYzH8nEZr0.mp4,CGYzH8nEZr0,CI2,Catalonia Independence,BBC News,4,4,5,5,1,5,,,,
3B6F54KMS5IS4Q51T2U7ZOOM66ZS10,3WSELTNVR78R0YT94NYS9E802MVATL,U61,[PLACEHOLDER_VIDEO_STORAGE_LOCATION]/EvhvMgcJ6M8.mp4,EvhvMgcJ6M8,CI1,Catalonia Independence,CNN,2,3,4,4,-1,4,The video really isn't informative it doesn't do a good job explaining the entire context of why the cops are breaking in and why people shouldn't be voting,relevant,video not informative enough,no context explained
3HA5ODM5LDY8Q2LZ0GEW6CV2U89SVN,3WZ36BJEV7MWJ8Y1A1YO4PS6JPITB6,U2,[PLACEHOLDER_VIDEO_STORAGE_LOCATION]/z23VDaHcW8k.mp4,z23VDaHcW8k,V2,Vaccination,Grandayy,5,4,5,5,1,4,Thank you!,not relevant,not relevant,
31MBOZ6PBRXPNGK9PQMQ4YTIIB7CLP,3WZ36BJEV7MWJ8Y1A1YO4PS6KFSBTF,U10,[PLACEHOLDER_VIDEO_STORAGE_LOCATION]/z23VDaHcW8k.mp4,z23VDaHcW8k,V2,Vaccination,Grandayy,5,5,5,5,1,5,,,,
3PR3LXCWTI5IPCUVRPFND2NXJXPX9M,3X08E93BHZOKBY6UIX9NIZE0MUX66H,U59,[PLACEHOLDER_VIDEO_STORAGE_LOCATION]/DIFh9aOJeZ0.mp4,DIFh9aOJeZ0,FT1,Free Trade,Daily Mail,5,4,5,5,1,4,,,,
3TRB893CTMG3P7BCNIHZBKWWLJU7GL,3X66WABAJ0ONB88IB8KBNNF56T8G3L,U12,[PLACEHOLDER_VIDEO_STORAGE_LOCATION]/N3mWF0Fr7RM.mp4,N3mWF0Fr7RM,V3,Vaccination,Nuclear Family,1,3,1,1,-1,4,,,,
3IVKZBIBK3F381QFVRXSRB4TNXKHSH,3X73LLYYQ5K8F8W3DXM8H1PCQADHN2,U10,[PLACEHOLDER_VIDEO_STORAGE_LOCATION]/TsWNc9BusJ4.mp4,TsWNc9BusJ4,FT3,Free Trade,BBC News,5,2,5,5,1,5,,,,
3WYZV0QBGMJ1D59SP9TJ48IN7XSXBW,3X87C8JFVAHI8ENB4JQOP9RJ4MCSQW,U28,[PLACEHOLDER_VIDEO_STORAGE_LOCATION]/CGYzH8nEZr0.mp4,CGYzH8nEZr0,CI2,Catalonia Independence,BBC News,5,4,5,5,1,4,I loved this video! Fun and beautiful way to know these people and how they feel about their home.,relevant,personal opinion on the video,
3LN50BUKQYH8H5TDUV8WOYSPHSXPLN,3XIQGXAUMGEGYD4V2UN5OQRGEAE7XB,U61,[PLACEHOLDER_VIDEO_STORAGE_LOCATION]/N3mWF0Fr7RM.mp4,N3mWF0Fr7RM,V3,Vaccination,Nuclear Family,2,4,2,2,1,4,The video is clearly a spoof but it puts out a heavy anti vax message at first so it's pretty useless for information but it was entertaining,relevant,satirical video,
3AA88CN99S9R6D3W0ISEMP8MVVYKY7,3XXU1SWE8Q1QKPWI6LAIP36V4W90AF,U13,[PLACEHOLDER_VIDEO_STORAGE_LOCATION]/TsWNc9BusJ4.mp4,TsWNc9BusJ4,FT3,Free Trade,BBC News,2,3,3,4,1,4,Africa will never be on the level of other continents,relevant,personal opinion,
38RHULDVA1LWBDI8LEPEOC8TSJ9IWV,3Y9N9SS8L2HKZOYR9IJ3H2C8SCG3D7,U47,[PLACEHOLDER_VIDEO_STORAGE_LOCATION]/EZJGDCx5Nas.mp4,EZJGDCx5Nas,CI3,Catalonia Independence,RT,2,2,5,4,1,4,It was a informative report.,relevant,informative video,informative
3SSN80MU9FU268DMVM6C3B1DTP4KX1,3YMTUJH0DWMCY9DSVMO1WBM09ZM4T0,U5,[PLACEHOLDER_VIDEO_STORAGE_LOCATION]/N3mWF0Fr7RM.mp4,N3mWF0Fr7RM,V3,Vaccination,Nuclear Family,2,2,2,2,-1,4,"The video, at least to me, is done in a way that would make it hard to take seriously no matter what the argument was.  It also is for the most part just opinion based.",relevant,satirical video,
3K3G488TS5EFFSR72L7E7EM2ZWMQ5P,3YW4XOSQKURA6NVY89V9391ZGRXU1E,U13,[PLACEHOLDER_VIDEO_STORAGE_LOCATION]/GzvfpyyZO9o.mp4,GzvfpyyZO9o,V1,Vaccination,Vox,2,5,2,2,1,3,They don't just put the vaccine in the needle. They put other damaging things in with it.,relevant,personal opinion,
3GMLHYZ0MH359988UWWGSCHKYOTUYG,3YWRV122CW5SHNFJ7U4OIJO7VCD8UH,U66,[PLACEHOLDER_VIDEO_STORAGE_LOCATION]/7mpxbenv6PA.mp4,7mpxbenv6PA,FT2,Free Trade,Brexit Party MEPs,4,3,4,4,1,4,,,,
3YCT0L9ONPFVIXCQYPS5WV1P857NS1,3Z2R0DQ0JLK06CG81DGI4AP1M9NE24,U67,[PLACEHOLDER_VIDEO_STORAGE_LOCATION]/CGYzH8nEZr0.mp4,CGYzH8nEZr0,CI2,Catalonia Independence,BBC News,2,3,3,3,1,5,"They don't agree if the popular party in Spain so they wish to leave. Doesn't seem like a valid reason, doesn't seem like they are being oppressed in any way",relevant,personal opinion on the topic,
3MA5N0ATUFHNH88WLHAQ1SN6KNYKW8,3Z4XG4ZF4CXKYR9ECZFB2QNBOL58X1,U26,[PLACEHOLDER_VIDEO_STORAGE_LOCATION]/EvhvMgcJ6M8.mp4,EvhvMgcJ6M8,CI1,Catalonia Independence,CNN,3,3,5,5,1,5,There should be a voice for the people but they must be peaceable.,relevant,personal opinion,
3K3G488TS5EFFSR72L7E7EM2ZWMQ5P,3Z7EFSHGNDKMAUZRTBVG4CJUE75XC1,U6,[PLACEHOLDER_VIDEO_STORAGE_LOCATION]/GzvfpyyZO9o.mp4,GzvfpyyZO9o,V1,Vaccination,Vox,5,5,5,5,1,5,,,,
3GVPRXWRQK0HLYH7D6H2WW9C0WM7ID,3ZAZR5XV05OBFPZ6UTJ11XZ5NW9ZCL,U14,[PLACEHOLDER_VIDEO_STORAGE_LOCATION]/GzvfpyyZO9o.mp4,GzvfpyyZO9o,V1,Vaccination,Vox,5,4,5,5,1,5,,,,
3NSCTNUR32TNSCKQDPASHE7XWIMA5X,3ZGVPD4G6XNS161HGFERQ7Z9BIDZT8,U12,[PLACEHOLDER_VIDEO_STORAGE_LOCATION]/7mpxbenv6PA.mp4,7mpxbenv6PA,FT2,Free Trade,Brexit Party MEPs,3,3,3,3,0,4,,,,
3PMR2DOWPR78QN494O014BLX48Q54H,3ZQIG0FLQIM3K301ANUZSLTCR1RWVX,U9,[PLACEHOLDER_VIDEO_STORAGE_LOCATION]/CGYzH8nEZr0.mp4,CGYzH8nEZr0,CI2,Catalonia Independence,BBC News,3,3,4,4,1,4,,,,
3AA88CN99S9R6D3W0ISEMP8MVVYKY7,3ZR9AIQJUFFBI0G1XK0RC0KVCM604X,U7,[PLACEHOLDER_VIDEO_STORAGE_LOCATION]/TsWNc9BusJ4.mp4,TsWNc9BusJ4,FT3,Free Trade,BBC News,3,1,4,4,-1,2,,,,
3IKDQS3DRH6NXFC34NPDCI1Q17DCIB,3ZR9AIQJUFFBI0G1XK0RC0KVDC940L,U54,[PLACEHOLDER_VIDEO_STORAGE_LOCATION]/EvhvMgcJ6M8.mp4,EvhvMgcJ6M8,CI1,Catalonia Independence,CNN,3,2,3,4,1,4,"I do not know much about the conflict in Catalonia, but this would help me gain some knowledge of what was going on over there.",relevant,"lack of knowledge, informative video",
3YCT0L9ONPFVIXCQYPS5WV1P857NS1,3ZSANO2JCJDLHPX2Q3FUDAN5W4ZSF1,U2,[PLACEHOLDER_VIDEO_STORAGE_LOCATION]/CGYzH8nEZr0.mp4,CGYzH8nEZr0,CI2,Catalonia Independence,BBC News,3,1,3,4,1,3,Thank you,not relevant,not relevant,
